Name,Team,GP,,G,,A,,Pts,,+/-,,PIM,,Hits,,BkS,,FW,,FL,,FO%,,PPG,,PPA,,SHG,,SHA,,GW,,SOG,,Pct,
 Nikita Kucherov,TAM,18,,9,,13,,22,,10,,8,,2,,8,,0,,0,,N/A,,2,,5,,0,,0,,3,,47,,0.191,
 Mark Scheifele,WPG,20,,10,,12,,22,,6,,18,,20,,10,,173,,226,,0.434,,3,,2,,0,,0,,1,,49,,0.204,
 Connor McDavid,EDM,19,,8,,14,,22,,4,,8,,3,,8,,119,,145,,0.451,,0,,5,,0,,0,,2,,53,,0.151,
 Tyler Seguin,DAL,19,,7,,14,,21,,-8,,6,,16,,3,,139,,126,,0.525,,4,,6,,0,,0,,1,,69,,0.101,
 Steven Stamkos,TAM,17,,9,,11,,20,,3,,14,,21,,3,,106,,92,,0.535,,3,,4,,0,,0,,1,,58,,0.155,
 Patrick Kane,CHI,19,,6,,14,,20,,5,,12,,6,,2,,3,,14,,0.176,,1,,4,,0,,0,,2,,64,,0.094,
 Vladimir Tarasenko,STL,19,,7,,12,,19,,0,,0,,4,,8,,0,,1,,0,,2,,7,,0,,0,,1,,71,,0.099,
 Alex Galchenyuk,MON,19,,7,,12,,19,,12,,10,,9,,9,,85,,130,,0.395,,2,,4,,0,,0,,1,,36,,0.194,
 Patrik Laine,WPG,20,,12,,6,,18,,-1,,6,,20,,10,,0,,2,,0,,5,,2,,0,,0,,2,,55,,0.218,
 Artem Anisimov,CHI,18,,8,,10,,18,,12,,14,,10,,4,,116,,154,,0.43,,1,,3,,0,,0,,3,,26,,0.308,
 Artemi Panarin,CHI,19,,7,,11,,18,,12,,13,,7,,1,,1,,0,,1,,2,,2,,0,,0,,1,,51,,0.137,
 Jakub Voracek,PHI,19,,7,,10,,17,,-8,,30,,6,,4,,0,,4,,0,,0,,6,,0,,0,,1,,70,,0.1,
 James van Riemsdyk,TOR,18,,8,,9,,17,,0,,8,,20,,12,,1,,3,,0.25,,0,,3,,0,,0,,1,,54,,0.148,
 Claude Giroux,PHI,19,,4,,13,,17,,-9,,4,,14,,3,,224,,188,,0.544,,3,,7,,0,,0,,0,,48,,0.083,
 Brad Marchand,BOS,18,,6,,11,,17,,8,,16,,10,,7,,9,,6,,0.6,,1,,2,,0,,0,,3,,45,,0.133,
 Nikolaj Ehlers,WPG,20,,4,,13,,17,,1,,8,,11,,7,,0,,1,,0,,0,,2,,0,,0,,1,,48,,0.083,
 J.T. Miller,NYR,18,,7,,10,,17,,14,,8,,25,,15,,24,,35,,0.407,,1,,1,,0,,0,,1,,42,,0.167,
 Marian Hossa,CHI,18,,11,,6,,17,,6,,6,,5,,11,,4,,4,,0.5,,3,,3,,0,,0,,3,,46,,0.239,
 Phil Kessel,PIT,18,,4,,12,,16,,-3,,8,,6,,5,,0,,4,,0,,3,,6,,0,,0,,1,,40,,0.1,
 Sidney Crosby,PIT,12,,12,,4,,16,,3,,2,,14,,2,,130,,155,,0.456,,5,,1,,0,,0,,1,,43,,0.279,
 Joe Pavelski,SAN,18,,6,,10,,16,,3,,12,,31,,24,,102,,96,,0.515,,2,,3,,0,,0,,2,,53,,0.113,
 Alexander Radulov,MON,17,,3,,13,,16,,8,,18,,22,,9,,2,,0,,1,,1,,4,,0,,0,,0,,28,,0.107,
 Nick Foligno,COB,15,,6,,10,,16,,5,,16,,22,,9,,13,,12,,0.52,,2,,5,,0,,0,,0,,26,,0.231,
 Evgeni Malkin,PIT,18,,8,,8,,16,,1,,32,,9,,9,,121,,159,,0.432,,1,,6,,0,,0,,1,,49,,0.163,
 Mitchell Marner,TOR,18,,7,,9,,16,,-2,,14,,9,,12,,6,,5,,0.545,,1,,2,,0,,0,,3,,49,,0.143,
 Wayne Simmonds,PHI,19,,9,,7,,16,,-6,,17,,38,,17,,1,,1,,0.5,,5,,3,,1,,0,,0,,49,,0.184,
 Kevin Hayes,NYR,18,,8,,8,,16,,15,,4,,10,,14,,102,,115,,0.47,,0,,1,,1,,0,,1,,25,,0.32,
 Nicklas Backstrom,WAS,17,,4,,11,,15,,1,,6,,16,,6,,151,,124,,0.549,,0,,6,,0,,0,,1,,35,,0.114,
 Jamie Benn,DAL,19,,5,,10,,15,,-7,,25,,31,,10,,91,,77,,0.542,,4,,2,,0,,0,,1,,49,,0.102,
 Alexander Wennberg,COB,15,,2,,13,,15,,7,,2,,18,,12,,105,,126,,0.455,,0,,8,,0,,0,,0,,17,,0.118,
 Shea Weber,MON,19,,7,,8,,15,,16,,10,,48,,45,,0,,0,,N/A,,6,,2,,0,,1,,3,,47,,0.149,
 Jonathan Marchessault,FLA,18,,9,,6,,15,,3,,4,,24,,5,,42,,38,,0.525,,2,,3,,0,,0,,2,,54,,0.167,
 Ryan Getzlaf,ANA,15,,1,,14,,15,,-2,,8,,15,,11,,112,,105,,0.516,,0,,5,,0,,0,,0,,32,,0.031,
 Corey Perry,ANA,18,,4,,11,,15,,-3,,14,,17,,5,,0,,4,,0,,0,,7,,0,,0,,0,,56,,0.071,
 Patrick Eaves,DAL,18,,9,,6,,15,,-5,,4,,22,,13,,0,,1,,0,,5,,3,,0,,0,,1,,46,,0.196,
 Brent Burns,SAN,18,,6,,8,,14,,0,,4,,19,,35,,0,,0,,N/A,,1,,2,,0,,0,,1,,80,,0.075,
 Cam Atkinson,COB,15,,5,,9,,14,,-4,,4,,7,,8,,2,,0,,1,,4,,4,,0,,0,,2,,43,,0.116,
 Erik Karlsson,OTT,18,,3,,11,,14,,2,,8,,14,,47,,0,,0,,N/A,,1,,2,,0,,1,,0,,44,,0.068,
 Mika Zibanejad,NYR,18,,4,,10,,14,,1,,6,,6,,8,,166,,151,,0.524,,0,,5,,0,,0,,0,,43,,0.093,
 Duncan Keith,CHI,19,,0,,14,,14,,7,,6,,5,,19,,0,,0,,N/A,,0,,3,,0,,0,,0,,44,,0,
 William Nylander,TOR,18,,6,,8,,14,,-3,,6,,4,,8,,32,,42,,0.432,,4,,4,,0,,0,,0,,46,,0.13,
 Ryan Kesler,ANA,18,,8,,6,,14,,9,,22,,32,,17,,241,,156,,0.607,,5,,2,,0,,0,,2,,40,,0.2,
 Jeff Carter,LOS,19,,7,,7,,14,,2,,6,,19,,9,,182,,149,,0.55,,0,,1,,1,,0,,4,,59,,0.119,
 Kevin Shattenkirk,STL,19,,4,,10,,14,,1,,21,,18,,15,,0,,0,,N/A,,3,,6,,0,,0,,0,,38,,0.105,
 Blake Wheeler,WPG,20,,6,,8,,14,,0,,14,,36,,11,,17,,19,,0.472,,0,,3,,1,,0,,0,,59,,0.102,
 Tyler Bozak,TOR,18,,5,,9,,14,,0,,4,,13,,5,,167,,117,,0.588,,1,,1,,0,,0,,1,,33,,0.152,
 Jeff Skinner,CAR,15,,7,,7,,14,,0,,8,,9,,5,,4,,9,,0.308,,1,,3,,0,,0,,0,,53,,0.132,
 Andrei Markov,MON,19,,2,,12,,14,,3,,6,,12,,18,,0,,0,,N/A,,0,,5,,0,,1,,0,,27,,0.074,
 David Pastrnak,BOS,14,,10,,4,,14,,11,,2,,10,,4,,0,,1,,0,,3,,1,,0,,0,,2,,48,,0.208,
 Michael Grabner,NYR,18,,11,,3,,14,,17,,2,,9,,12,,2,,1,,0.667,,0,,0,,0,,1,,1,,43,,0.256,
 Victor Rask,CAR,16,,7,,7,,14,,4,,2,,5,,3,,112,,124,,0.475,,2,,1,,0,,0,,1,,35,,0.2,
 Patric Hornqvist,PIT,16,,5,,8,,13,,2,,2,,41,,20,,1,,4,,0.2,,4,,3,,0,,0,,1,,62,,0.081,
 Valtteri Filppula,TAM,18,,4,,9,,13,,5,,4,,7,,8,,141,,193,,0.422,,0,,5,,0,,0,,1,,21,,0.19,
 Zach Werenski,COB,15,,5,,8,,13,,5,,4,,12,,15,,0,,0,,N/A,,3,,3,,0,,0,,1,,39,,0.128,
 Ryan Suter,MIN,17,,4,,9,,13,,9,,8,,16,,15,,0,,0,,N/A,,1,,4,,1,,0,,0,,39,,0.103,
 John Tavares,NYI,17,,5,,8,,13,,-2,,18,,8,,6,,183,,169,,0.52,,2,,2,,0,,0,,0,,54,,0.093,
 Max Pacioretty,MON,19,,4,,9,,13,,6,,12,,21,,8,,0,,0,,N/A,,1,,1,,0,,1,,2,,49,,0.082,
 Marcus Johansson,WAS,17,,7,,6,,13,,6,,4,,9,,0,,4,,5,,0.444,,2,,2,,0,,0,,3,,33,,0.212,
 Eric Staal,MIN,17,,5,,8,,13,,6,,6,,12,,5,,158,,141,,0.528,,1,,2,,0,,1,,2,,50,,0.1,
 Nazem Kadri,TOR,18,,7,,6,,13,,0,,45,,29,,8,,111,,141,,0.44,,2,,2,,0,,0,,1,,47,,0.149,
 Mats Zuccarello,NYR,18,,7,,6,,13,,4,,8,,19,,6,,1,,1,,0.5,,2,,0,,0,,0,,0,,41,,0.171,
 Auston Matthews,TOR,18,,6,,7,,13,,-4,,0,,3,,8,,91,,89,,0.506,,1,,4,,0,,0,,0,,67,,0.09,
 Jordan Eberle,EDM,19,,5,,8,,13,,-6,,4,,5,,8,,1,,1,,0.5,,1,,2,,0,,0,,0,,55,,0.091,
 Daniel Sedin,VAN,19,,6,,7,,13,,-4,,6,,6,,6,,0,,1,,0,,2,,2,,0,,0,,1,,54,,0.111,
 Max Domi,ARI,17,,2,,11,,13,,-3,,11,,13,,8,,3,,3,,0.5,,1,,3,,0,,0,,1,,37,,0.054,
 Victor Hedman,TAM,19,,3,,10,,13,,6,,12,,21,,28,,0,,0,,N/A,,1,,4,,0,,0,,2,,34,,0.088,
 Brandon Saad,COB,15,,4,,8,,12,,5,,2,,3,,4,,1,,1,,0.5,,0,,0,,0,,0,,0,,35,,0.114,
 Damon Severson,NJD,17,,3,,9,,12,,-3,,10,,18,,15,,0,,0,,N/A,,0,,5,,0,,0,,1,,29,,0.103,
 Jonathan Toews,CHI,19,,4,,8,,12,,4,,13,,13,,8,,273,,179,,0.604,,1,,3,,0,,0,,2,,47,,0.085,
 James Neal,NAS,17,,8,,4,,12,,-1,,15,,25,,9,,1,,1,,0.5,,1,,1,,0,,0,,1,,65,,0.123,
 Antoine Roussel,DAL,19,,4,,8,,12,,1,,54,,21,,11,,1,,1,,0.5,,0,,3,,0,,0,,2,,26,,0.154,
 Radim Vrbata,ARI,17,,6,,6,,12,,-1,,4,,11,,4,,3,,4,,0.429,,1,,1,,0,,0,,0,,54,,0.111,
 Alex Ovechkin,WAS,17,,8,,4,,12,,-3,,10,,48,,4,,0,,1,,0,,2,,1,,0,,0,,3,,70,,0.114,
 Filip Forsberg,NAS,17,,1,,11,,12,,-3,,6,,28,,5,,5,,6,,0.455,,0,,3,,0,,0,,0,,36,,0.028,
 Paul Byron,MON,19,,7,,5,,12,,7,,4,,23,,6,,2,,0,,1,,0,,0,,1,,0,,2,,25,,0.28,
 Nathan MacKinnon,COL,17,,4,,8,,12,,-1,,0,,12,,3,,161,,152,,0.514,,0,,4,,1,,0,,1,,63,,0.063,
 Brock Nelson,NYI,17,,5,,7,,12,,3,,6,,14,,16,,91,,122,,0.427,,1,,2,,0,,1,,0,,35,,0.143,
 Taylor Hall,NJD,14,,5,,7,,12,,3,,4,,14,,7,,1,,2,,0.333,,3,,1,,0,,0,,2,,60,,0.083,
 Joe Thornton,SAN,18,,2,,10,,12,,2,,6,,15,,7,,107,,80,,0.572,,0,,4,,0,,0,,0,,16,,0.125,
 Tyler Toffoli,LOS,19,,5,,7,,12,,8,,0,,22,,1,,0,,2,,0,,2,,0,,0,,1,,0,,63,,0.079,
 Jakob Silfverberg,ANA,18,,6,,6,,12,,8,,2,,11,,10,,1,,3,,0.25,,1,,0,,1,,0,,2,,44,,0.136,
 Michael Frolik,CGY,19,,6,,6,,12,,-1,,6,,14,,14,,6,,6,,0.5,,0,,0,,2,,0,,1,,45,,0.133,
 Henrik Sedin,VAN,19,,5,,7,,12,,-5,,4,,5,,2,,152,,152,,0.5,,1,,3,,0,,0,,1,,25,,0.2,
 T.J. Oshie,WAS,17,,8,,4,,12,,10,,10,,18,,10,,23,,24,,0.489,,2,,2,,1,,1,,1,,37,,0.216,
 Cam Fowler,ANA,18,,5,,6,,11,,-1,,2,,10,,22,,0,,0,,N/A,,3,,3,,0,,0,,1,,35,,0.143,
 Mike Green,DET,18,,3,,8,,11,,0,,16,,16,,21,,0,,0,,N/A,,1,,2,,0,,0,,0,,33,,0.091,
 Charlie Coyle,MIN,17,,5,,6,,11,,4,,18,,20,,16,,11,,9,,0.55,,3,,0,,0,,0,,1,,39,,0.128,
 Kyle Turris,OTT,18,,8,,3,,11,,-1,,4,,4,,14,,124,,146,,0.459,,1,,0,,0,,0,,2,,38,,0.211,
 Travis Konecny,PHI,19,,4,,7,,11,,-4,,12,,34,,6,,0,,0,,N/A,,2,,0,,0,,0,,0,,42,,0.095,
 Henrik Zetterberg,DET,18,,3,,8,,11,,0,,2,,13,,6,,131,,129,,0.504,,1,,2,,0,,0,,0,,35,,0.086,
 Brayden Schenn,PHI,16,,3,,8,,11,,-6,,13,,39,,11,,18,,17,,0.514,,3,,3,,0,,0,,1,,35,,0.086,
 David Krejci,BOS,18,,2,,9,,11,,-2,,10,,14,,16,,126,,124,,0.504,,1,,3,,0,,0,,1,,34,,0.059,
 Matt Duchene,COL,13,,6,,5,,11,,0,,2,,4,,10,,84,,58,,0.592,,0,,2,,0,,0,,2,,30,,0.2,
 Gustav Nyquist,DET,18,,3,,8,,11,,1,,4,,9,,4,,1,,0,,1,,0,,2,,0,,0,,2,,39,,0.077,
 Leon Draisaitl,EDM,19,,4,,7,,11,,-6,,2,,6,,7,,135,,131,,0.508,,2,,1,,0,,0,,0,,34,,0.118,
 Vincent Trocheck,FLA,18,,6,,5,,11,,-4,,6,,41,,12,,182,,181,,0.501,,0,,2,,0,,0,,1,,45,,0.133,
 Johnny Gaudreau,CGY,17,,5,,6,,11,,-10,,0,,3,,4,,0,,0,,N/A,,1,,1,,0,,0,,1,,44,,0.114,
 Rick Nash,NYR,18,,7,,4,,11,,-1,,10,,8,,15,,0,,0,,N/A,,2,,1,,0,,0,,1,,51,,0.137,
 Chris Kreider,NYR,12,,3,,8,,11,,-1,,6,,26,,6,,1,,1,,0.5,,1,,2,,0,,0,,0,,39,,0.077,
 Chris Kunitz,PIT,18,,2,,9,,11,,5,,18,,59,,6,,3,,4,,0.429,,0,,2,,0,,0,,2,,36,,0.056,
 Brady Skjei,NYR,18,,0,,11,,11,,5,,2,,30,,15,,0,,0,,N/A,,0,,2,,0,,0,,0,,18,,0,
 Tyler Johnson,TAM,19,,6,,5,,11,,-5,,8,,18,,11,,161,,142,,0.531,,4,,3,,0,,0,,1,,36,,0.167,
 Brandon Sutter,VAN,19,,5,,6,,11,,-9,,0,,13,,11,,189,,162,,0.538,,1,,1,,0,,0,,1,,50,,0.1,
 Kris Letang,PIT,13,,2,,9,,11,,-5,,10,,26,,22,,0,,0,,N/A,,1,,5,,0,,0,,1,,44,,0.045,
 Brent Seabrook,CHI,19,,2,,9,,11,,10,,2,,28,,31,,0,,0,,N/A,,2,,2,,0,,0,,0,,34,,0.059,
 Jimmy Vesey,NYR,18,,7,,4,,11,,6,,2,,11,,7,,0,,0,,N/A,,2,,1,,0,,0,,2,,30,,0.233,
 Ryan McDonagh,NYR,18,,0,,11,,11,,9,,4,,17,,28,,0,,0,,N/A,,0,,3,,0,,0,,0,,29,,0,
 Mark Streit,PHI,19,,4,,7,,11,,-5,,12,,12,,20,,0,,0,,N/A,,1,,4,,0,,0,,1,,36,,0.111,
 Alec Martinez,LOS,19,,3,,8,,11,,-1,,4,,40,,35,,0,,0,,N/A,,0,,2,,0,,0,,2,,44,,0.068,
 Derek Stepan,NYR,18,,2,,9,,11,,2,,6,,3,,16,,145,,175,,0.453,,0,,4,,1,,0,,1,,35,,0.057,
 Alex Killorn,TAM,19,,7,,4,,11,,1,,12,,31,,7,,1,,4,,0.2,,2,,3,,0,,0,,2,,46,,0.152,
 P.K. Subban,NAS,17,,3,,8,,11,,-8,,16,,18,,35,,0,,0,,N/A,,2,,4,,0,,0,,1,,40,,0.075,
 Morgan Rielly,TOR,18,,1,,10,,11,,0,,7,,8,,37,,0,,0,,N/A,,1,,1,,0,,0,,0,,33,,0.03,
 David Perron,STL,19,,6,,5,,11,,-7,,10,,17,,7,,12,,18,,0.4,,2,,3,,0,,0,,2,,40,,0.15,
 Brandon Pirri,NYR,18,,5,,5,,10,,5,,2,,10,,6,,46,,30,,0.605,,3,,1,,0,,0,,3,,29,,0.172,
 Jesper Fast,NYR,18,,2,,8,,10,,8,,10,,26,,7,,6,,4,,0.6,,0,,0,,0,,0,,0,,10,,0.2,
 Richard Panik,CHI,19,,6,,4,,10,,2,,4,,45,,7,,0,,2,,0,,2,,1,,0,,0,,1,,27,,0.222,
 Mike Ribeiro,NAS,17,,3,,7,,10,,1,,10,,10,,2,,75,,82,,0.478,,2,,1,,0,,0,,0,,17,,0.176,
 Brendan Gallagher,MON,19,,4,,6,,10,,5,,18,,24,,5,,19,,26,,0.422,,1,,0,,0,,0,,1,,50,,0.08,
 Jordan Martinook,ARI,17,,5,,5,,10,,3,,10,,14,,16,,88,,117,,0.429,,1,,0,,0,,1,,0,,25,,0.2,
 Nic Dowd,LOS,17,,2,,8,,10,,-2,,2,,48,,11,,96,,113,,0.459,,1,,2,,0,,0,,1,,20,,0.1,
 Bo Horvat,VAN,19,,6,,4,,10,,-7,,12,,26,,6,,154,,152,,0.503,,0,,1,,2,,0,,0,,28,,0.214,
 Kyle Okposo,BUF,17,,5,,5,,10,,1,,6,,15,,6,,33,,26,,0.559,,1,,5,,0,,0,,0,,48,,0.104,
 Aleksander Barkov,FLA,18,,2,,8,,10,,0,,0,,11,,8,,120,,133,,0.474,,0,,2,,0,,0,,1,,31,,0.065,
 Alexander Steen,STL,17,,2,,8,,10,,-8,,27,,8,,11,,20,,40,,0.333,,0,,3,,0,,0,,0,,30,,0.067,
 Viktor Arvidsson,NAS,17,,5,,5,,10,,-2,,4,,6,,10,,2,,1,,0.667,,1,,1,,1,,1,,0,,53,,0.094,
 Nick Holden,NYR,18,,2,,8,,10,,13,,6,,30,,21,,0,,0,,N/A,,1,,0,,0,,0,,0,,10,,0.2,
 Paul Stastny,STL,19,,4,,6,,10,,-2,,16,,10,,8,,222,,185,,0.545,,2,,3,,0,,0,,1,,28,,0.143,
 Sebastian Aho,CAR,16,,2,,8,,10,,0,,2,,7,,2,,0,,1,,0,,0,,3,,0,,0,,0,,35,,0.057,
 John Klingberg,DAL,19,,2,,8,,10,,-9,,8,,12,,27,,0,,0,,N/A,,0,,5,,0,,0,,0,,25,,0.08,
 Shayne Gostisbehere,PHI,18,,3,,7,,10,,-5,,8,,8,,20,,0,,0,,N/A,,1,,4,,0,,0,,1,,51,,0.059,
 Travis Zajac,NJD,17,,4,,6,,10,,0,,8,,23,,6,,179,,169,,0.514,,2,,1,,0,,0,,1,,37,,0.108,
 Ryan Dzingel,OTT,18,,5,,5,,10,,4,,0,,10,,10,,2,,2,,0.5,,0,,1,,1,,0,,1,,33,,0.152,
 Dustin Byfuglien,WPG,20,,1,,9,,10,,-1,,23,,51,,35,,0,,0,,N/A,,0,,1,,0,,0,,0,,52,,0.019,
 Tanner Pearson,LOS,17,,7,,3,,10,,6,,0,,27,,2,,0,,4,,0,,1,,0,,0,,0,,0,,36,,0.194,
 Sam Gagner,COB,14,,7,,3,,10,,5,,0,,2,,2,,29,,39,,0.426,,2,,2,,0,,0,,1,,31,,0.226,
 Scott Hartnell,COB,15,,4,,6,,10,,6,,2,,15,,7,,0,,0,,N/A,,1,,0,,0,,0,,0,,15,,0.267,
 Ryan Johansen,NAS,17,,1,,8,,9,,2,,14,,19,,5,,139,,136,,0.505,,1,,4,,0,,0,,0,,37,,0.027,
 Mikael Granlund,MIN,17,,4,,5,,9,,3,,2,,13,,11,,4,,4,,0.5,,1,,1,,1,,0,,2,,34,,0.118,
 Jordan Staal,CAR,16,,5,,4,,9,,0,,6,,32,,6,,170,,111,,0.605,,2,,0,,0,,0,,0,,35,,0.143,
 Jaromir Jagr,FLA,18,,2,,7,,9,,1,,12,,3,,2,,0,,0,,N/A,,1,,1,,0,,0,,0,,42,,0.048,
 Brandon Manning,PHI,18,,3,,6,,9,,3,,13,,42,,22,,0,,0,,N/A,,0,,0,,1,,0,,1,,27,,0.111,
 Colton Sceviour,FLA,18,,5,,4,,9,,-3,,8,,17,,17,,9,,8,,0.529,,1,,2,,2,,0,,1,,32,,0.156,
 Logan Couture,SAN,18,,4,,5,,9,,-2,,2,,6,,11,,72,,129,,0.358,,2,,0,,0,,0,,0,,60,,0.067,
 Jeff Petry,MON,18,,3,,6,,9,,6,,8,,38,,39,,0,,0,,N/A,,1,,2,,0,,0,,0,,32,,0.094,
 Tomas Hertl,SAN,17,,4,,5,,9,,0,,10,,26,,5,,88,,69,,0.561,,1,,1,,0,,0,,1,,39,,0.103,
 Dustin Brown,LOS,19,,3,,6,,9,,-5,,10,,46,,3,,0,,1,,0,,1,,2,,1,,0,,1,,42,,0.071,
 Sam Bennett,CGY,19,,4,,5,,9,,-1,,26,,36,,5,,84,,93,,0.475,,1,,0,,0,,0,,0,,27,,0.148,
 Patrick Maroon,EDM,19,,6,,3,,9,,3,,17,,41,,3,,1,,4,,0.2,,0,,1,,0,,0,,0,,44,,0.136,
 Milan Lucic,EDM,19,,5,,4,,9,,-3,,9,,47,,5,,2,,1,,0.667,,2,,1,,0,,0,,1,,40,,0.125,
 Robby Fabbri,STL,18,,4,,5,,9,,-4,,15,,24,,9,,2,,2,,0.5,,3,,2,,0,,0,,0,,29,,0.138,
 Matt Cullen,PIT,18,,3,,6,,9,,2,,4,,9,,3,,131,,116,,0.53,,0,,1,,0,,0,,1,,19,,0.158,
 Jaden Schwartz,STL,15,,6,,3,,9,,1,,4,,13,,12,,27,,25,,0.519,,1,,0,,0,,0,,2,,34,,0.176,
 Teuvo Teravainen,CAR,16,,5,,4,,9,,-3,,0,,6,,3,,9,,18,,0.333,,1,,2,,0,,0,,1,,28,,0.179,
 Vladislav Namestnikov,TAM,19,,3,,6,,9,,3,,8,,8,,7,,33,,45,,0.423,,2,,3,,0,,0,,0,,32,,0.094,
 Keith Yandle,FLA,18,,0,,9,,9,,2,,14,,8,,22,,0,,0,,N/A,,0,,3,,0,,0,,0,,47,,0,
 Rickard Rakell,ANA,9,,5,,4,,9,,2,,0,,18,,5,,10,,8,,0.556,,0,,2,,0,,0,,2,,24,,0.208,
 Andrew Cogliano,ANA,18,,5,,4,,9,,6,,8,,17,,10,,1,,5,,0.167,,0,,0,,2,,0,,0,,39,,0.128,
 Ryan O'Reilly,BUF,13,,4,,5,,9,,0,,4,,1,,5,,187,,122,,0.605,,2,,3,,0,,0,,1,,43,,0.093,
 Phillip Danault,MON,19,,5,,4,,9,,1,,4,,17,,18,,56,,55,,0.505,,0,,0,,0,,0,,1,,28,,0.179,
 Brad Richardson,ARI,16,,5,,4,,9,,-1,,15,,19,,7,,121,,109,,0.526,,0,,0,,2,,1,,0,,25,,0.2,
 Alex Pietrangelo,STL,19,,3,,5,,8,,-9,,12,,13,,37,,0,,0,,N/A,,1,,2,,0,,0,,1,,46,,0.065,
 Jay Beagle,WAS,17,,4,,4,,8,,6,,2,,10,,7,,115,,78,,0.596,,0,,0,,1,,1,,2,,26,,0.154,
 Roman Josi,NAS,17,,2,,6,,8,,-4,,4,,11,,30,,0,,0,,N/A,,1,,4,,0,,0,,0,,50,,0.04,
 Josh Bailey,NYI,17,,2,,6,,8,,1,,0,,8,,15,,4,,3,,0.571,,0,,1,,0,,0,,1,,30,,0.067,
 Jake Gardiner,TOR,18,,3,,5,,8,,3,,6,,15,,15,,0,,0,,N/A,,1,,1,,0,,0,,0,,26,,0.115,
 Nino Niederreiter,MIN,17,,4,,4,,8,,8,,4,,26,,2,,0,,1,,0,,0,,0,,0,,0,,0,,29,,0.138,
 Oliver Ekman-Larsson,ARI,17,,5,,3,,8,,-2,,6,,29,,16,,0,,0,,N/A,,2,,1,,0,,0,,1,,42,,0.119,
 Matt Moulson,BUF,18,,6,,2,,8,,-2,,2,,11,,8,,0,,0,,N/A,,5,,2,,0,,0,,0,,46,,0.13,
 Jason Demers,FLA,18,,2,,6,,8,,-3,,6,,15,,17,,0,,0,,N/A,,0,,3,,0,,1,,0,,19,,0.105,
 Sean Couturier,PHI,19,,5,,3,,8,,-5,,14,,13,,14,,160,,167,,0.489,,0,,1,,0,,1,,1,,30,,0.167,
 Anze Kopitar,LOS,15,,2,,6,,8,,1,,2,,19,,11,,194,,178,,0.522,,0,,2,,0,,1,,0,,37,,0.054,
 William Karlsson,COB,15,,3,,5,,8,,4,,2,,6,,3,,90,,112,,0.446,,0,,0,,0,,1,,1,,24,,0.125,
 Brian Campbell,CHI,19,,2,,6,,8,,4,,6,,14,,18,,0,,0,,N/A,,1,,2,,0,,0,,0,,20,,0.1,
 Pavel Buchnevich,NYR,10,,4,,4,,8,,4,,4,,3,,3,,0,,1,,0,,1,,2,,0,,0,,0,,18,,0.222,
 Matt Niskanen,WAS,17,,0,,8,,8,,3,,6,,23,,24,,0,,0,,N/A,,0,,0,,0,,1,,0,,31,,0,
 Dennis Seidenberg,NYI,15,,4,,4,,8,,10,,12,,18,,38,,0,,0,,N/A,,0,,0,,0,,0,,0,,18,,0.222,
 Gabriel Landeskog,COL,15,,4,,4,,8,,-1,,9,,31,,6,,9,,13,,0.409,,2,,0,,0,,0,,2,,32,,0.125,
 Mike Fisher,NAS,13,,3,,5,,8,,-6,,25,,36,,11,,119,,100,,0.543,,3,,3,,0,,0,,1,,23,,0.13,
 Tobias Rieder,ARI,15,,5,,3,,8,,3,,0,,4,,12,,0,,2,,0,,0,,0,,0,,1,,0,,28,,0.179,
 Devin Shore,DAL,19,,1,,7,,8,,-7,,4,,9,,16,,84,,95,,0.469,,0,,3,,0,,0,,0,,22,,0.045,
 Rasmus Ristolainen,BUF,18,,0,,8,,8,,-3,,12,,39,,32,,0,,0,,N/A,,0,,6,,0,,0,,0,,38,,0,
 Sean Monahan,CGY,19,,5,,3,,8,,-8,,8,,9,,7,,181,,171,,0.514,,1,,0,,0,,0,,1,,38,,0.132,
 P.A. Parenteau,NJD,17,,5,,3,,8,,-3,,8,,15,,0,,0,,5,,0,,1,,0,,0,,0,,0,,35,,0.143,
 Leo Komarov,TOR,18,,3,,5,,8,,2,,9,,65,,13,,22,,22,,0.5,,0,,2,,1,,0,,0,,22,,0.136,
 Lee Stempniak,CAR,16,,4,,4,,8,,3,,10,,27,,4,,1,,2,,0.333,,1,,0,,0,,0,,0,,26,,0.154,
 Ondrej Palat,TAM,19,,3,,5,,8,,-5,,13,,38,,8,,1,,2,,0.333,,0,,3,,0,,0,,0,,30,,0.1,
 Thomas Vanek,DET,7,,4,,4,,8,,5,,4,,3,,1,,0,,1,,0,,2,,2,,0,,0,,0,,13,,0.308,
 Ryan Nugent-Hopkins,EDM,19,,2,,6,,8,,-3,,4,,12,,3,,133,,150,,0.47,,2,,0,,0,,0,,1,,55,,0.036,
 Troy Brouwer,CGY,19,,4,,4,,8,,-4,,10,,45,,11,,10,,22,,0.313,,0,,2,,1,,0,,0,,30,,0.133,
 Mark Stone,OTT,17,,3,,5,,8,,-5,,6,,16,,12,,3,,3,,0.5,,0,,1,,0,,0,,2,,28,,0.107,
 Erik Johnson,COL,17,,0,,8,,8,,-2,,2,,35,,46,,0,,0,,N/A,,0,,4,,0,,0,,0,,36,,0,
 Denis Malgin,FLA,18,,4,,4,,8,,3,,6,,12,,5,,37,,62,,0.374,,1,,0,,0,,0,,1,,24,,0.167,
 Antoine Vermette,ANA,18,,3,,5,,8,,0,,16,,18,,14,,179,,97,,0.649,,1,,1,,0,,0,,0,,25,,0.12,
 Adam Henrique,NJD,17,,3,,5,,8,,7,,10,,22,,16,,128,,135,,0.487,,0,,0,,0,,0,,1,,27,,0.111,
 Frans Nielsen,DET,18,,3,,5,,8,,-6,,0,,15,,11,,138,,133,,0.509,,0,,5,,1,,0,,0,,35,,0.086,
 Conor Sheary,PIT,11,,3,,5,,8,,6,,4,,5,,5,,0,,0,,N/A,,0,,0,,0,,0,,1,,20,,0.15,
 Matt Read,PHI,19,,6,,2,,8,,0,,2,,38,,11,,0,,4,,0,,2,,0,,0,,0,,0,,29,,0.207,
 Sami Vatanen,ANA,18,,1,,7,,8,,2,,2,,26,,41,,0,,0,,N/A,,1,,5,,0,,0,,0,,25,,0.04,
 Sam Reinhart,BUF,18,,3,,4,,7,,-3,,4,,4,,7,,39,,55,,0.415,,2,,2,,0,,0,,1,,43,,0.07,
 Nikita Zaitsev,TOR,18,,0,,7,,7,,-4,,4,,45,,32,,0,,0,,N/A,,0,,2,,0,,0,,0,,20,,0,
 Drew Doughty,LOS,19,,2,,5,,7,,3,,14,,33,,35,,1,,0,,1,,0,,1,,0,,0,,0,,43,,0.047,
 Matthew Tkachuk,CGY,15,,4,,3,,7,,1,,21,,15,,4,,1,,4,,0.2,,0,,0,,0,,0,,1,,27,,0.148,
 Ivan Provorov,PHI,19,,0,,7,,7,,-8,,8,,27,,32,,0,,0,,N/A,,0,,2,,0,,0,,0,,33,,0,
 Colin Wilson,NAS,16,,2,,5,,7,,0,,6,,12,,8,,0,,2,,0,,1,,0,,0,,0,,0,,28,,0.071,
 Brayden Point,TAM,19,,2,,5,,7,,0,,4,,8,,7,,3,,3,,0.5,,2,,1,,0,,0,,0,,38,,0.053,
 Noah Hanifin,CAR,16,,0,,7,,7,,-8,,8,,11,,9,,0,,0,,N/A,,0,,3,,0,,0,,0,,30,,0,
 Andre Burakovsky,WAS,17,,2,,5,,7,,-3,,0,,7,,7,,0,,0,,N/A,,0,,0,,0,,0,,0,,33,,0.061,
 John Carlson,WAS,17,,0,,7,,7,,1,,0,,13,,24,,0,,0,,N/A,,0,,2,,0,,0,,0,,44,,0,
 Adam Lowry,WPG,20,,5,,2,,7,,-2,,17,,46,,11,,155,,168,,0.48,,1,,2,,0,,0,,0,,29,,0.172,
 Micheal Ferland,CGY,19,,3,,4,,7,,-1,,5,,47,,6,,0,,0,,N/A,,1,,1,,0,,0,,0,,25,,0.12,
 Patrick Wiercioch,COL,15,,2,,5,,7,,1,,13,,15,,21,,0,,0,,N/A,,0,,0,,0,,0,,0,,19,,0.105,
 Mike Hoffman,OTT,16,,3,,4,,7,,-6,,8,,7,,8,,1,,2,,0.333,,1,,2,,0,,0,,2,,53,,0.057,
 Joonas Donskoi,SAN,18,,2,,5,,7,,-2,,8,,8,,6,,0,,0,,N/A,,1,,2,,0,,0,,0,,35,,0.057,
 Radko Gudas,PHI,13,,1,,6,,7,,-1,,7,,53,,40,,0,,0,,N/A,,0,,1,,0,,0,,0,,22,,0.045,
 Evgeny Kuznetsov,WAS,17,,2,,5,,7,,3,,8,,9,,5,,104,,149,,0.411,,0,,0,,0,,0,,0,,24,,0.083,
 Tyler Pitlick,EDM,19,,6,,1,,7,,-1,,4,,43,,6,,2,,1,,0.667,,0,,0,,0,,0,,1,,32,,0.188,
 Jason Zucker,MIN,17,,2,,5,,7,,8,,6,,17,,5,,1,,1,,0.5,,0,,0,,0,,0,,0,,23,,0.087,
 Tyson Barrie,COL,17,,1,,6,,7,,-7,,4,,12,,17,,0,,0,,N/A,,0,,3,,0,,0,,1,,41,,0.024,
 Kyle Palmieri,NJD,17,,3,,4,,7,,6,,8,,36,,7,,3,,5,,0.375,,1,,2,,0,,0,,1,,37,,0.081,
 Michael Matheson,FLA,17,,2,,5,,7,,0,,4,,15,,22,,1,,0,,1,,0,,1,,0,,0,,0,,38,,0.053,
 Colton Parayko,STL,19,,0,,7,,7,,-4,,8,,14,,34,,0,,0,,N/A,,0,,1,,0,,0,,0,,54,,0,
 Connor Brown,TOR,18,,3,,4,,7,,2,,4,,18,,16,,0,,0,,N/A,,0,,0,,0,,0,,1,,22,,0.136,
 Andrew Shaw,MON,19,,3,,4,,7,,7,,34,,50,,10,,78,,58,,0.574,,1,,0,,0,,0,,0,,34,,0.088,
 Markus Granlund,VAN,19,,5,,2,,7,,-6,,6,,10,,3,,28,,38,,0.424,,1,,0,,0,,0,,1,,34,,0.147,
 John Moore,NJD,17,,3,,4,,7,,5,,10,,12,,16,,0,,0,,N/A,,0,,0,,0,,0,,0,,27,,0.111,
 Nick Leddy,NYI,16,,3,,4,,7,,-9,,4,,19,,27,,0,,0,,N/A,,1,,0,,0,,0,,0,,32,,0.094,
 Craig Smith,NAS,16,,5,,2,,7,,-2,,12,,19,,5,,18,,16,,0.529,,2,,1,,0,,0,,0,,35,,0.143,
 Jonathan Drouin,TAM,12,,3,,4,,7,,-2,,4,,7,,7,,21,,23,,0.477,,2,,1,,0,,0,,0,,34,,0.088,
 Ryan Spooner,BOS,17,,3,,4,,7,,-2,,6,,6,,4,,7,,7,,0.5,,2,,1,,0,,0,,0,,40,,0.075,
 Martin Hanzal,ARI,12,,3,,4,,7,,-4,,2,,26,,12,,145,,116,,0.556,,0,,2,,0,,0,,1,,33,,0.091,
 Loui Eriksson,VAN,19,,3,,4,,7,,-7,,0,,1,,9,,0,,0,,N/A,,1,,1,,0,,1,,0,,33,,0.091,
 Marc-Edouard Vlasic,SAN,18,,3,,4,,7,,2,,22,,7,,29,,0,,0,,N/A,,1,,2,,0,,0,,2,,32,,0.094,
 Jason Spezza,DAL,12,,4,,3,,7,,-9,,2,,3,,4,,61,,53,,0.535,,1,,2,,0,,0,,1,,28,,0.143,
 Devin Setoguchi,LOS,19,,3,,4,,7,,0,,6,,23,,3,,2,,2,,0.5,,0,,1,,0,,0,,0,,29,,0.103,
 Lauri Korpikoski,DAL,19,,4,,3,,7,,0,,4,,11,,12,,0,,3,,0,,0,,0,,0,,0,,0,,29,,0.138,
 Toby Enstrom,WPG,20,,1,,6,,7,,1,,10,,5,,28,,0,,0,,N/A,,0,,3,,1,,0,,0,,23,,0.043,
 Cal Clutterbuck,NYI,17,,2,,5,,7,,-1,,8,,67,,9,,1,,2,,0.333,,0,,0,,0,,0,,1,,28,,0.071,
 Darren Helm,DET,17,,4,,3,,7,,6,,8,,21,,6,,106,,83,,0.561,,2,,0,,0,,1,,1,,28,,0.143,
 Anton Stralman,TAM,15,,1,,6,,7,,2,,0,,16,,13,,0,,0,,N/A,,0,,4,,0,,0,,0,,22,,0.045,
 Alex Goligoski,ARI,17,,0,,7,,7,,-5,,4,,18,,26,,0,,0,,N/A,,0,,2,,0,,0,,0,,28,,0,
 Mikael Backlund,CGY,19,,1,,6,,7,,-2,,6,,12,,17,,173,,160,,0.52,,0,,1,,0,,2,,0,,41,,0.024,
 Derick Brassard,OTT,18,,2,,5,,7,,-3,,4,,21,,3,,157,,156,,0.502,,1,,1,,0,,0,,0,,48,,0.042,
 David Backes,BOS,13,,3,,4,,7,,9,,19,,42,,10,,34,,40,,0.459,,0,,1,,0,,0,,0,,29,,0.103,
 Brian Gionta,BUF,18,,3,,4,,7,,0,,6,,15,,8,,7,,8,,0.467,,0,,0,,0,,0,,1,,40,,0.075,
 Torrey Mitchell,MON,19,,5,,2,,7,,6,,8,,6,,17,,108,,95,,0.532,,0,,0,,0,,0,,1,,11,,0.455,
 Dominic Moore,BOS,18,,4,,3,,7,,3,,12,,5,,13,,88,,66,,0.571,,0,,0,,1,,0,,1,,21,,0.19,
 Justin Faulk,CAR,13,,3,,3,,6,,-4,,8,,21,,15,,0,,0,,N/A,,1,,2,,0,,0,,0,,31,,0.097,
 Rene Bourque,COL,15,,5,,1,,6,,-4,,13,,25,,9,,0,,3,,0,,2,,0,,0,,0,,2,,26,,0.192,
 Reilly Smith,FLA,18,,3,,3,,6,,-3,,2,,17,,5,,1,,0,,1,,2,,0,,0,,0,,1,,38,,0.079,
 Zdeno Chara,BOS,18,,1,,5,,6,,12,,19,,27,,40,,0,,0,,N/A,,0,,1,,0,,0,,0,,26,,0.038,
 Jamie McGinn,ARI,12,,3,,3,,6,,-1,,8,,23,,7,,0,,1,,0,,0,,0,,0,,0,,1,,22,,0.136,
 Mikhail Grigorenko,COL,17,,1,,5,,6,,-2,,8,,8,,5,,33,,40,,0.452,,0,,3,,0,,0,,0,,22,,0.045,
 Jannik Hansen,VAN,12,,2,,4,,6,,-1,,21,,13,,2,,0,,0,,N/A,,0,,0,,0,,0,,0,,21,,0.095,
 Kevin Klein,NYR,15,,0,,6,,6,,5,,0,,23,,38,,0,,0,,N/A,,0,,1,,0,,1,,0,,15,,0,
 Ryan Ellis,NAS,17,,3,,3,,6,,2,,4,,25,,35,,0,,0,,N/A,,0,,2,,0,,0,,2,,26,,0.115,
 Carl Hagelin,PIT,18,,2,,4,,6,,-1,,2,,18,,9,,0,,1,,0,,0,,0,,0,,1,,0,,38,,0.053,
 Matt Dumba,MIN,17,,2,,4,,6,,4,,10,,25,,18,,0,,0,,N/A,,1,,1,,0,,0,,1,,36,,0.056,
 Mark Giordano,CGY,19,,1,,5,,6,,-2,,18,,14,,47,,0,,0,,N/A,,0,,2,,0,,1,,0,,47,,0.021,
 Bobby Ryan,OTT,17,,3,,3,,6,,-1,,6,,18,,11,,1,,1,,0.5,,1,,1,,0,,0,,0,,33,,0.091,
 Sven Baertschi,VAN,19,,1,,5,,6,,-6,,0,,11,,10,,1,,0,,1,,0,,1,,0,,0,,1,,31,,0.032,
 Nathan Beaulieu,MON,19,,1,,5,,6,,6,,13,,22,,32,,0,,0,,N/A,,0,,2,,0,,0,,1,,22,,0.045,
 Jonas Brodin,MIN,17,,1,,5,,6,,6,,8,,4,,21,,0,,0,,N/A,,0,,0,,0,,0,,1,,26,,0.038,
 Dougie Hamilton,CGY,19,,2,,4,,6,,-7,,20,,31,,20,,0,,0,,N/A,,0,,1,,0,,0,,1,,50,,0.04,
 Mark Letestu,EDM,18,,2,,4,,6,,-2,,0,,19,,10,,102,,93,,0.523,,0,,0,,2,,0,,2,,11,,0.182,
 Boone Jenner,COB,15,,2,,4,,6,,-6,,6,,33,,14,,25,,18,,0.581,,0,,1,,0,,0,,0,,31,,0.065,
 Dmitry Orlov,WAS,17,,1,,5,,6,,6,,8,,27,,21,,0,,0,,N/A,,0,,1,,0,,0,,0,,29,,0.034,
 Casey Cizikas,NYI,17,,2,,4,,6,,0,,12,,44,,21,,126,,147,,0.462,,0,,1,,0,,0,,1,,20,,0.1,
 Shane Prince,NYI,11,,3,,3,,6,,-3,,4,,16,,0,,3,,1,,0.75,,1,,0,,0,,0,,0,,17,,0.176,
 Johan Larsson,BUF,18,,2,,4,,6,,-4,,8,,21,,17,,134,,132,,0.504,,0,,0,,0,,0,,2,,18,,0.111,
 Tomas Tatar,DET,18,,2,,4,,6,,-4,,6,,16,,9,,3,,2,,0.6,,0,,1,,0,,0,,0,,42,,0.048,
 Dan Girardi,NYR,14,,3,,3,,6,,10,,4,,25,,37,,0,,0,,N/A,,0,,0,,0,,1,,3,,15,,0.2,
 Ryan Strome,NYI,17,,2,,4,,6,,-3,,14,,14,,6,,40,,46,,0.465,,1,,1,,0,,0,,0,,26,,0.077,
 Calvin de Haan,NYI,17,,1,,5,,6,,3,,20,,29,,41,,0,,0,,N/A,,0,,0,,0,,0,,0,,31,,0.032,
 Dwight King,LOS,19,,2,,4,,6,,4,,6,,32,,6,,3,,4,,0.429,,0,,0,,0,,0,,0,,26,,0.077,
 Johnny Boychuk,NYI,17,,2,,4,,6,,-1,,2,,43,,44,,0,,0,,N/A,,0,,1,,1,,0,,1,,44,,0.045,
 Tyler Motte,CHI,14,,3,,3,,6,,4,,10,,11,,12,,2,,2,,0.5,,0,,0,,0,,0,,0,,22,,0.136,
 Nic Petan,WPG,9,,1,,5,,6,,-2,,0,,1,,2,,41,,38,,0.519,,0,,3,,0,,0,,0,,15,,0.067,
 Marko Dano,WPG,10,,3,,3,,6,,1,,2,,18,,4,,1,,3,,0.25,,2,,0,,0,,0,,0,,12,,0.25,
 David Desharnais,MON,18,,3,,3,,6,,2,,2,,0,,4,,39,,50,,0.438,,0,,1,,0,,0,,0,,15,,0.2,
 Scottie Upshall,STL,16,,3,,3,,6,,-3,,11,,18,,0,,1,,3,,0.25,,0,,0,,0,,0,,0,,21,,0.143,
 Mikko Koivu,MIN,17,,2,,4,,6,,1,,6,,6,,22,,225,,191,,0.541,,0,,1,,0,,1,,1,,23,,0.087,
 Anthony Beauvillier,NYI,13,,2,,4,,6,,3,,2,,17,,3,,9,,9,,0.5,,0,,0,,0,,0,,0,,12,,0.167,
 Michael Cammalleri,NJD,12,,3,,3,,6,,2,,10,,8,,3,,3,,3,,0.5,,0,,1,,0,,0,,1,,28,,0.107,
 Jason Pominville,MIN,17,,3,,3,,6,,0,,0,,14,,10,,5,,7,,0.417,,0,,2,,0,,0,,0,,31,,0.097,
 Trevor Daley,PIT,18,,2,,4,,6,,2,,12,,4,,34,,0,,0,,N/A,,1,,1,,0,,1,,0,,25,,0.08,
 Dylan Larkin,DET,18,,5,,1,,6,,-7,,17,,9,,6,,32,,44,,0.421,,1,,0,,0,,0,,1,,55,,0.091,
 Josh Anderson,COB,15,,5,,1,,6,,8,,17,,23,,10,,3,,5,,0.375,,0,,0,,0,,0,,1,,20,,0.25,
 Zach Parise,MIN,10,,2,,4,,6,,-1,,10,,9,,13,,0,,1,,0,,0,,1,,0,,0,,0,,32,,0.063,
 Luke Glendening,DET,18,,1,,5,,6,,2,,8,,48,,21,,77,,74,,0.51,,0,,1,,0,,0,,0,,23,,0.043,
 Seth Jones,COB,10,,3,,3,,6,,1,,0,,14,,21,,0,,0,,N/A,,0,,0,,0,,0,,1,,15,,0.2,
 Carl Soderberg,COL,17,,3,,2,,5,,-2,,12,,7,,13,,106,,105,,0.502,,1,,0,,0,,0,,0,,34,,0.088,
 Cody Franson,BUF,18,,1,,4,,5,,0,,8,,14,,13,,0,,0,,N/A,,1,,0,,0,,0,,0,,29,,0.034,
 Jared Spurgeon,MIN,13,,1,,4,,5,,5,,2,,8,,28,,0,,0,,N/A,,0,,1,,0,,1,,0,,26,,0.038,
 Jason Chimera,NYI,17,,1,,4,,5,,-6,,16,,29,,8,,4,,6,,0.4,,0,,0,,0,,0,,0,,26,,0.038,
 Dan Hamhuis,DAL,18,,0,,5,,5,,-5,,8,,23,,27,,0,,0,,N/A,,0,,0,,0,,1,,0,,23,,0,
 Joel Eriksson Ek,MIN,9,,2,,3,,5,,2,,2,,14,,5,,21,,35,,0.375,,0,,0,,0,,0,,1,,7,,0.286,
 Cedric Paquette,TAM,18,,1,,4,,5,,1,,14,,40,,9,,44,,43,,0.506,,0,,0,,0,,0,,0,,18,,0.056,
 Nick Lappin,NJD,11,,3,,2,,5,,1,,2,,7,,1,,2,,3,,0.4,,0,,0,,0,,0,,0,,19,,0.158,
 Mattias Ekholm,NAS,17,,0,,5,,5,,-3,,10,,12,,32,,0,,0,,N/A,,0,,1,,0,,1,,0,,26,,0,
 Mikko Rantanen,COL,12,,2,,3,,5,,-4,,4,,1,,7,,8,,3,,0.727,,1,,2,,0,,0,,0,,24,,0.083,
 Devante Smith-Pelly,NJD,15,,2,,3,,5,,-2,,2,,26,,5,,5,,7,,0.417,,0,,1,,0,,0,,0,,30,,0.067,
 Beau Bennett,NJD,16,,0,,5,,5,,0,,4,,13,,3,,1,,2,,0.333,,0,,0,,0,,0,,0,,27,,0,
 Derek Forbort,LOS,19,,1,,4,,5,,1,,30,,42,,41,,0,,0,,N/A,,0,,0,,0,,0,,0,,17,,0.059,
 Jesse Puljujarvi,EDM,15,,1,,4,,5,,3,,2,,6,,3,,0,,0,,N/A,,1,,0,,0,,0,,0,,30,,0.033,
 Johnny Oduya,DAL,19,,1,,4,,5,,2,,6,,8,,44,,0,,0,,N/A,,0,,0,,0,,0,,0,,15,,0.067,
 Chris Stewart,MIN,17,,2,,3,,5,,0,,24,,25,,4,,0,,1,,0,,0,,1,,0,,0,,0,,11,,0.182,
 Shane Doan,ARI,17,,1,,4,,5,,-2,,2,,29,,11,,21,,27,,0.438,,1,,1,,0,,0,,0,,30,,0.033,
 Alexandre Burrows,VAN,15,,2,,3,,5,,-1,,23,,10,,2,,0,,3,,0,,0,,0,,0,,1,,0,,32,,0.063,
 Derek MacKenzie,FLA,18,,2,,3,,5,,6,,9,,44,,10,,101,,94,,0.518,,0,,0,,0,,1,,0,,20,,0.1,
 Alex Petrovic,FLA,16,,1,,4,,5,,8,,6,,31,,16,,0,,0,,N/A,,0,,0,,0,,0,,0,,14,,0.071,
 Andrej Sekera,EDM,19,,1,,4,,5,,4,,6,,13,,29,,0,,0,,N/A,,0,,1,,0,,0,,0,,19,,0.053,
 Patrick Marleau,SAN,18,,4,,1,,5,,-2,,4,,19,,5,,13,,15,,0.464,,1,,1,,0,,0,,1,,42,,0.095,
 Jean-Gabriel Pageau,OTT,18,,2,,3,,5,,3,,4,,40,,14,,101,,72,,0.584,,0,,0,,0,,0,,0,,37,,0.054,
 Tim Schaller,BOS,15,,3,,2,,5,,0,,13,,17,,8,,16,,9,,0.64,,0,,0,,0,,0,,1,,21,,0.143,
 Jaccob Slavin,CAR,16,,1,,4,,5,,1,,2,,7,,29,,0,,0,,N/A,,0,,1,,0,,0,,0,,21,,0.048,
 Radek Faksa,DAL,19,,1,,4,,5,,2,,15,,22,,17,,145,,164,,0.469,,0,,0,,0,,0,,0,,32,,0.031,
 Ron Hainsey,CAR,16,,1,,4,,5,,-1,,6,,24,,18,,0,,0,,N/A,,0,,0,,1,,0,,0,,17,,0.059,
 Josh Manson,ANA,18,,0,,5,,5,,2,,36,,42,,17,,0,,0,,N/A,,0,,0,,0,,0,,0,,19,,0,
 Torey Krug,BOS,18,,1,,4,,5,,-4,,8,,21,,15,,0,,0,,N/A,,0,,2,,0,,0,,0,,56,,0.018,
 Ryan Hartman,CHI,14,,4,,1,,5,,2,,2,,19,,7,,1,,3,,0.25,,0,,0,,0,,0,,0,,26,,0.154,
 Jordie Benn,DAL,17,,1,,4,,5,,1,,10,,10,,31,,0,,0,,N/A,,0,,2,,0,,0,,0,,23,,0.043,
 Nate Schmidt,WAS,15,,0,,5,,5,,1,,2,,12,,7,,0,,0,,N/A,,0,,0,,0,,0,,0,,17,,0,
 Dennis Wideman,CGY,12,,2,,3,,5,,1,,4,,11,,13,,0,,0,,N/A,,2,,1,,0,,0,,0,,26,,0.077,
 Brett Ritchie,DAL,19,,4,,1,,5,,-2,,13,,34,,5,,0,,0,,N/A,,1,,0,,0,,0,,0,,36,,0.111,
 Andreas Athanasiou,DET,13,,4,,1,,5,,1,,0,,5,,4,,1,,3,,0.25,,0,,0,,0,,0,,0,,20,,0.2,
 Austin Czarnik,BOS,14,,2,,3,,5,,0,,4,,3,,8,,5,,17,,0.227,,0,,1,,0,,0,,1,,20,,0.1,
 Darnell Nurse,EDM,19,,3,,2,,5,,-5,,17,,50,,20,,0,,0,,N/A,,0,,0,,0,,0,,0,,35,,0.086,
 Patrice Bergeron,BOS,15,,3,,2,,5,,0,,4,,11,,11,,205,,143,,0.589,,1,,0,,0,,0,,1,,59,,0.051,
 Tomas Plekanec,MON,19,,1,,4,,5,,0,,4,,15,,17,,177,,170,,0.51,,0,,3,,1,,0,,1,,40,,0.025,
 Oscar Klefbom,EDM,19,,2,,3,,5,,-1,,0,,13,,32,,0,,0,,N/A,,0,,1,,0,,0,,1,,43,,0.047,
 Nick Ritchie,ANA,16,,4,,1,,5,,1,,8,,56,,5,,2,,1,,0.667,,1,,0,,0,,0,,1,,35,,0.114,
 Brian Boyle,TAM,18,,4,,1,,5,,3,,29,,23,,13,,59,,55,,0.518,,0,,0,,0,,0,,0,,25,,0.16,
 Christian Dvorak,ARI,13,,1,,4,,5,,2,,2,,9,,14,,72,,81,,0.471,,0,,1,,0,,0,,0,,11,,0.091,
 Pavel Zacha,NJD,17,,1,,4,,5,,-3,,6,,21,,11,,47,,64,,0.423,,0,,1,,0,,0,,0,,19,,0.053,
 Nick Cousins,PHI,15,,2,,3,,5,,1,,2,,17,,7,,10,,29,,0.256,,0,,1,,0,,0,,0,,22,,0.091,
 Travis Hamonic,NYI,14,,2,,3,,5,,-8,,23,,21,,32,,0,,0,,N/A,,0,,1,,0,,0,,0,,18,,0.111,
 Nick Bonino,PIT,18,,1,,4,,5,,-4,,4,,15,,26,,150,,158,,0.487,,0,,1,,1,,0,,0,,25,,0.04,
 Tyler Myers,WPG,11,,2,,3,,5,,5,,13,,12,,21,,0,,0,,N/A,,0,,0,,0,,1,,0,,16,,0.125,
 Tommy Wingels,SAN,17,,4,,1,,5,,0,,0,,22,,7,,27,,35,,0.435,,0,,0,,0,,0,,2,,20,,0.2,
 Tom Pyatt,OTT,18,,2,,3,,5,,1,,2,,10,,20,,7,,9,,0.438,,0,,0,,0,,1,,0,,24,,0.083,
 Matt Irwin,NAS,11,,3,,2,,5,,6,,0,,22,,17,,0,,0,,N/A,,0,,0,,0,,0,,1,,11,,0.273,
 Brooks Orpik,WAS,17,,0,,5,,5,,8,,4,,35,,29,,0,,0,,N/A,,0,,0,,0,,0,,0,,15,,0,
 Marcus Foligno,BUF,18,,3,,2,,5,,1,,8,,64,,14,,0,,1,,0,,0,,0,,0,,0,,0,,33,,0.091,
 David Schlemko,SAN,18,,0,,4,,4,,0,,6,,10,,20,,0,,0,,N/A,,0,,2,,0,,0,,0,,33,,0,
 Zack Kassian,EDM,16,,2,,2,,4,,0,,27,,39,,3,,1,,0,,1,,0,,0,,0,,0,,0,,27,,0.074,
 Gustav Forsling,CHI,16,,1,,3,,4,,1,,2,,9,,6,,0,,0,,N/A,,0,,1,,0,,0,,0,,19,,0.053,
 Brandon Dubinsky,COB,13,,1,,3,,4,,-4,,15,,42,,8,,126,,113,,0.527,,0,,1,,0,,0,,1,,17,,0.059,
 Alex Chiasson,CGY,19,,2,,2,,4,,1,,14,,22,,3,,0,,10,,0,,0,,0,,0,,0,,0,,27,,0.074,
 Nail Yakupov,STL,14,,2,,2,,4,,-3,,8,,11,,1,,0,,0,,N/A,,0,,0,,0,,0,,0,,15,,0.133,
 Brendan Smith,DET,17,,2,,2,,4,,-5,,15,,24,,16,,0,,0,,N/A,,1,,2,,0,,0,,1,,25,,0.08,
 Jonathan Ericsson,DET,18,,0,,4,,4,,2,,35,,26,,15,,0,,0,,N/A,,0,,0,,0,,0,,0,,16,,0,
 Nick Schmaltz,CHI,19,,1,,3,,4,,-1,,2,,8,,8,,34,,71,,0.324,,0,,1,,0,,0,,0,,8,,0.125,
 Jussi Jokinen,FLA,8,,1,,3,,4,,1,,8,,3,,5,,6,,5,,0.545,,0,,0,,0,,0,,1,,12,,0.083,
 Niklas Hjalmarsson,CHI,18,,2,,2,,4,,6,,2,,6,,39,,0,,0,,N/A,,0,,0,,0,,0,,0,,12,,0.167,
 Kris Versteeg,CGY,12,,2,,2,,4,,4,,2,,1,,5,,9,,5,,0.643,,0,,0,,0,,0,,0,,14,,0.143,
 Anthony DeAngelo,ARI,6,,2,,2,,4,,3,,0,,0,,7,,0,,0,,N/A,,1,,2,,0,,0,,0,,9,,0.222,
 Justin Schultz,PIT,18,,0,,4,,4,,5,,4,,16,,15,,0,,0,,N/A,,0,,2,,0,,0,,0,,28,,0,
 John-Michael Liles,BOS,18,,0,,4,,4,,-3,,4,,11,,25,,1,,0,,1,,0,,3,,0,,0,,0,,15,,0,
 Zemgus Girgensons,BUF,18,,1,,3,,4,,-5,,4,,22,,8,,85,,78,,0.521,,0,,0,,0,,0,,0,,34,,0.029,
 Chris Wideman,OTT,13,,0,,4,,4,,-3,,8,,8,,10,,0,,0,,N/A,,0,,1,,0,,0,,0,,19,,0,
 Nikolay Kulemin,NYI,15,,1,,3,,4,,4,,6,,13,,11,,5,,2,,0.714,,0,,0,,0,,0,,0,,15,,0.067,
 Deryk Engelland,CGY,19,,1,,3,,4,,8,,19,,30,,38,,0,,0,,N/A,,0,,0,,0,,0,,1,,23,,0.043,
 Brandon Carlo,BOS,18,,2,,2,,4,,11,,15,,17,,36,,0,,0,,N/A,,0,,0,,0,,0,,0,,22,,0.091,
 Alexei Emelin,MON,19,,1,,3,,4,,6,,25,,61,,41,,0,,0,,N/A,,0,,0,,0,,0,,0,,17,,0.059,
 Joe Colborne,COL,17,,3,,1,,4,,-5,,4,,16,,6,,24,,35,,0.407,,2,,0,,0,,0,,0,,21,,0.143,
 Michael Del Zotto,PHI,7,,1,,3,,4,,-1,,4,,28,,13,,0,,0,,N/A,,0,,0,,0,,0,,0,,16,,0.063,
 Connor Murphy,ARI,16,,0,,4,,4,,-5,,10,,39,,31,,0,,0,,N/A,,0,,0,,0,,0,,0,,18,,0,
 Joel Armia,WPG,10,,1,,3,,4,,0,,2,,8,,2,,2,,3,,0.4,,0,,0,,0,,0,,0,,18,,0.056,
 Justin Abdelkader,DET,16,,3,,1,,4,,-3,,13,,40,,5,,0,,4,,0,,2,,0,,0,,0,,0,,26,,0.115,
 Benoit Pouliot,EDM,18,,3,,1,,4,,-1,,20,,10,,13,,3,,5,,0.375,,0,,0,,0,,0,,1,,21,,0.143,
 Dmitrij Jaskin,STL,17,,0,,4,,4,,3,,6,,29,,5,,3,,4,,0.429,,0,,0,,0,,0,,0,,16,,0,
 Jarome Iginla,COL,17,,2,,2,,4,,-2,,27,,20,,3,,4,,4,,0.5,,1,,1,,0,,0,,0,,31,,0.065,
 Ryan Sproul,DET,7,,1,,3,,4,,1,,0,,4,,3,,0,,0,,N/A,,1,,2,,0,,0,,0,,16,,0.063,
 Kyle Clifford,LOS,18,,2,,2,,4,,2,,31,,39,,2,,0,,1,,0,,0,,0,,0,,0,,0,,33,,0.061,
 Kyle Connor,WPG,16,,1,,3,,4,,-8,,4,,1,,7,,1,,1,,0.5,,0,,2,,0,,0,,1,,20,,0.05,
 Scott Wilson,PIT,16,,2,,2,,4,,-5,,2,,36,,8,,1,,0,,1,,0,,0,,0,,0,,0,,29,,0.069,
 Paul Martin,SAN,18,,0,,4,,4,,-3,,6,,7,,27,,0,,0,,N/A,,0,,0,,0,,0,,0,,11,,0,
 Thomas Hickey,NYI,17,,1,,3,,4,,3,,2,,21,,40,,0,,0,,N/A,,0,,1,,0,,0,,0,,22,,0.045,
 Derek Dorsett,VAN,14,,1,,3,,4,,-6,,33,,35,,6,,1,,0,,1,,0,,0,,0,,0,,0,,24,,0.042,
 T.J. Brodie,CGY,19,,0,,4,,4,,-11,,4,,10,,21,,0,,0,,N/A,,0,,2,,0,,0,,0,,25,,0,
 Alexey Marchenko,DET,18,,0,,4,,4,,0,,10,,2,,28,,0,,0,,N/A,,0,,0,,0,,1,,0,,18,,0,
 Kyle Quincey,NJD,17,,2,,2,,4,,7,,10,,24,,20,,0,,0,,N/A,,0,,0,,0,,0,,0,,22,,0.091,
 Lukas Sedlak,COB,13,,0,,4,,4,,5,,2,,11,,8,,36,,40,,0.474,,0,,0,,0,,0,,0,,10,,0,
 Jyrki Jokipakka,CGY,12,,1,,3,,4,,-3,,4,,5,,11,,0,,0,,N/A,,0,,0,,0,,0,,0,,5,,0.2,
 Andy Greene,NJD,17,,2,,2,,4,,0,,2,,20,,35,,0,,0,,N/A,,0,,0,,1,,0,,1,,19,,0.105,
 Chris Tierney,SAN,18,,0,,4,,4,,-3,,0,,12,,13,,65,,82,,0.442,,0,,0,,0,,0,,0,,16,,0,
 Matt Stajan,CGY,19,,0,,4,,4,,2,,8,,15,,13,,96,,70,,0.578,,0,,0,,0,,0,,0,,16,,0,
 Tom Gilbert,LOS,12,,1,,3,,4,,-2,,2,,6,,17,,0,,0,,N/A,,0,,1,,0,,0,,0,,9,,0.111,
 Trevor Lewis,LOS,19,,2,,2,,4,,-5,,4,,39,,5,,20,,30,,0.4,,0,,0,,0,,0,,0,,28,,0.071,
 Francois Beauchemin,COL,17,,0,,4,,4,,2,,4,,17,,31,,0,,0,,N/A,,0,,1,,0,,0,,0,,27,,0,
 Braydon Coburn,TAM,19,,0,,4,,4,,3,,12,,22,,11,,0,,0,,N/A,,0,,0,,0,,0,,0,,23,,0,
 Dion Phaneuf,OTT,18,,1,,3,,4,,-8,,23,,35,,40,,0,,0,,N/A,,0,,1,,0,,0,,0,,46,,0.022,
 Calle Jarnkrok,NAS,17,,3,,1,,4,,0,,2,,8,,3,,66,,83,,0.443,,0,,0,,0,,0,,0,,21,,0.143,
 Karl Alzner,WAS,17,,2,,2,,4,,6,,8,,20,,23,,0,,0,,N/A,,0,,0,,0,,0,,0,,21,,0.095,
 Martin Marincin,TOR,13,,1,,3,,4,,-4,,0,,15,,15,,0,,0,,N/A,,0,,0,,0,,0,,0,,13,,0.077,
 Patrik Berglund,STL,19,,1,,3,,4,,-3,,8,,37,,10,,124,,112,,0.525,,0,,0,,0,,0,,0,,30,,0.033,
 David Savard,COB,15,,1,,3,,4,,4,,10,,30,,26,,0,,0,,N/A,,0,,0,,0,,0,,0,,15,,0.067,
 Joel Ward,SAN,18,,1,,3,,4,,-4,,4,,15,,12,,42,,51,,0.452,,0,,0,,0,,0,,0,,23,,0.043,
 Andrew MacDonald,PHI,11,,1,,3,,4,,-2,,4,,10,,21,,0,,0,,N/A,,0,,0,,0,,0,,0,,8,,0.125,
 Andrew Copp,WPG,10,,2,,2,,4,,0,,0,,15,,7,,13,,33,,0.283,,0,,0,,1,,0,,0,,9,,0.222,
 Melker Karlsson,SAN,15,,2,,2,,4,,3,,4,,10,,11,,0,,2,,0,,0,,0,,0,,0,,0,,12,,0.167,
 Jakob Chychrun,ARI,15,,1,,3,,4,,-2,,23,,24,,19,,0,,0,,N/A,,0,,0,,0,,0,,0,,17,,0.059,
 Aaron Ekblad,FLA,18,,4,,0,,4,,-7,,24,,40,,17,,0,,0,,N/A,,2,,0,,0,,0,,1,,48,,0.083,
 Marcus Kruger,CHI,19,,1,,3,,4,,5,,16,,9,,13,,105,,106,,0.498,,0,,0,,0,,0,,0,,19,,0.053,
 Matt Beleskey,BOS,17,,2,,2,,4,,-3,,15,,35,,8,,19,,27,,0.413,,0,,1,,0,,0,,0,,26,,0.077,
 Michael Raffl,PHI,10,,3,,1,,4,,4,,0,,16,,4,,1,,1,,0.5,,0,,0,,0,,0,,0,,11,,0.273,
 Elias Lindholm,CAR,16,,0,,4,,4,,-6,,2,,19,,14,,103,,89,,0.536,,0,,2,,0,,1,,0,,31,,0,
 Philip Larsen,VAN,13,,0,,4,,4,,-8,,4,,4,,12,,0,,0,,N/A,,0,,2,,0,,0,,0,,22,,0,
 Bryan Rust,PIT,15,,2,,2,,4,,-4,,2,,29,,8,,1,,0,,1,,0,,0,,0,,0,,0,,32,,0.063,
 Zack Smith,OTT,18,,3,,1,,4,,-2,,27,,36,,6,,73,,62,,0.541,,0,,0,,1,,0,,0,,37,,0.081,
 Stephen Johns,DAL,16,,2,,2,,4,,-4,,8,,44,,32,,0,,0,,N/A,,0,,0,,0,,0,,1,,17,,0.118,
 Ben Hutton,VAN,19,,2,,2,,4,,-8,,12,,16,,25,,0,,0,,N/A,,0,,2,,0,,0,,1,,35,,0.057,
 Nick Shore,LOS,18,,0,,3,,3,,-2,,8,,15,,9,,76,,98,,0.437,,0,,0,,0,,0,,0,,21,,0,
 Jared McCann,FLA,17,,1,,2,,3,,0,,2,,14,,4,,19,,25,,0.432,,0,,0,,0,,0,,0,,21,,0.048,
 Vinnie Hinostroza,CHI,10,,1,,2,,3,,0,,0,,5,,6,,5,,9,,0.357,,0,,0,,0,,0,,0,,9,,0.111,
 Kyle Rau,FLA,11,,2,,1,,3,,-1,,4,,11,,2,,2,,1,,0.667,,0,,0,,0,,0,,0,,10,,0.2,
 Matt Hunwick,TOR,10,,0,,3,,3,,-1,,0,,21,,14,,0,,0,,N/A,,0,,0,,0,,0,,0,,14,,0,
 Brett Pesce,CAR,16,,0,,3,,3,,2,,4,,12,,30,,0,,0,,N/A,,0,,1,,0,,0,,0,,16,,0,
 Colton Sissons,NAS,16,,2,,1,,3,,0,,0,,33,,7,,75,,75,,0.5,,0,,0,,1,,0,,0,,8,,0.25,
 Matt Calvert,COB,15,,2,,1,,3,,0,,12,,19,,8,,2,,11,,0.154,,0,,0,,1,,0,,1,,21,,0.095,
 Artturi Lehkonen,MON,12,,2,,1,,3,,0,,6,,12,,4,,0,,0,,N/A,,0,,0,,0,,0,,0,,27,,0.074,
 Pierre-Edouard Bellemare,PHI,19,,0,,3,,3,,5,,2,,22,,16,,103,,118,,0.466,,0,,0,,0,,1,,0,,24,,0,
 Justin Williams,WAS,17,,2,,1,,3,,-3,,12,,4,,9,,23,,10,,0.697,,1,,0,,0,,0,,0,,33,,0.061,
 Marc Staal,NYR,18,,1,,2,,3,,8,,4,,17,,21,,0,,0,,N/A,,0,,0,,0,,1,,0,,16,,0.063,
 Brett Kulak,CGY,11,,0,,3,,3,,3,,8,,6,,8,,0,,0,,N/A,,0,,0,,0,,0,,0,,9,,0,
 Anton Slepyshev,EDM,9,,1,,2,,3,,4,,2,,15,,2,,0,,0,,N/A,,0,,0,,0,,0,,0,,17,,0.059,
 Anthony Duclair,ARI,17,,1,,2,,3,,0,,4,,6,,2,,0,,0,,N/A,,0,,0,,0,,0,,0,,21,,0.048,
 Eric Fehr,PIT,18,,2,,1,,3,,-2,,2,,18,,14,,25,,20,,0.556,,0,,0,,0,,0,,1,,18,,0.111,
 Nikita Nesterov,TAM,14,,2,,1,,3,,3,,10,,21,,13,,0,,0,,N/A,,1,,0,,0,,0,,0,,19,,0.105,
 Joseph Cramarossa,ANA,13,,1,,2,,3,,0,,20,,29,,9,,1,,0,,1,,0,,0,,0,,0,,0,,6,,0.167,
 Klas Dahlbeck,CAR,9,,1,,2,,3,,0,,12,,13,,6,,0,,0,,N/A,,0,,0,,0,,0,,0,,5,,0.2,
 Michael Stone,ARI,8,,0,,3,,3,,-3,,2,,17,,14,,0,,0,,N/A,,0,,1,,0,,0,,0,,9,,0,
 Viktor Stalberg,CAR,15,,2,,1,,3,,-3,,13,,24,,2,,0,,1,,0,,0,,0,,0,,0,,1,,20,,0.1,
 J.T. Brown,TAM,18,,2,,1,,3,,-3,,22,,24,,7,,0,,1,,0,,0,,0,,1,,0,,1,,20,,0.1,
 Yannick Weber,NAS,16,,0,,3,,3,,7,,15,,19,,13,,0,,0,,N/A,,0,,0,,0,,0,,0,,14,,0,
 Gemel Smith,DAL,12,,2,,1,,3,,1,,21,,3,,4,,21,,30,,0.412,,0,,0,,1,,0,,0,,14,,0.143,
 Marc Methot,OTT,18,,0,,3,,3,,3,,4,,37,,19,,0,,0,,N/A,,0,,0,,0,,0,,0,,29,,0,
 Paul Postma,WPG,16,,0,,3,,3,,0,,2,,10,,12,,0,,0,,N/A,,0,,0,,0,,0,,0,,15,,0,
 Slater Koekkoek,TAM,10,,0,,3,,3,,5,,6,,12,,10,,0,,0,,N/A,,0,,0,,0,,0,,0,,11,,0,
 Curtis McKenzie,DAL,15,,1,,2,,3,,1,,24,,30,,10,,1,,1,,0.5,,0,,0,,0,,0,,0,,19,,0.053,
 Erik Haula,MIN,10,,1,,2,,3,,2,,6,,4,,4,,54,,62,,0.466,,0,,0,,0,,0,,0,,22,,0.045,
 Greg Pateryn,MON,13,,1,,2,,3,,0,,0,,16,,29,,0,,0,,N/A,,0,,0,,0,,0,,0,,13,,0.077,
 Andrew Ladd,NYI,17,,2,,1,,3,,-4,,12,,17,,6,,0,,1,,0,,0,,0,,0,,0,,0,,29,,0.069,
 Ian Cole,PIT,18,,1,,2,,3,,2,,17,,42,,42,,0,,0,,N/A,,0,,0,,0,,0,,0,,19,,0.053,
 Jake McCabe,BUF,18,,0,,3,,3,,0,,12,,16,,21,,0,,0,,N/A,,0,,0,,0,,0,,0,,14,,0,
 Kyle Brodziak,STL,18,,2,,1,,3,,-2,,19,,17,,9,,49,,68,,0.419,,0,,0,,0,,0,,1,,16,,0.125,
 Jay Bouwmeester,STL,19,,1,,2,,3,,-4,,10,,19,,25,,0,,0,,N/A,,0,,0,,0,,0,,0,,26,,0.038,
 Matthew Benning,EDM,10,,0,,3,,3,,6,,2,,14,,9,,0,,0,,N/A,,0,,1,,0,,0,,0,,10,,0,
 Danny DeKeyser,DET,18,,1,,2,,3,,-2,,15,,21,,33,,0,,0,,N/A,,0,,0,,0,,0,,0,,8,,0.125,
 Andrej Sustr,TAM,19,,0,,3,,3,,-3,,13,,14,,27,,0,,0,,N/A,,0,,0,,0,,0,,0,,21,,0,
 Josh Morrissey,WPG,20,,1,,2,,3,,1,,8,,30,,36,,0,,0,,N/A,,0,,0,,0,,0,,1,,24,,0.042,
 Riley Nash,BOS,18,,1,,2,,3,,1,,4,,7,,7,,87,,73,,0.544,,0,,0,,0,,0,,0,,25,,0.04,
 Andreas Martinsen,COL,17,,1,,2,,3,,1,,11,,56,,11,,1,,0,,1,,0,,0,,0,,1,,0,,21,,0.048,
 Zac Dalpe,MIN,9,,1,,2,,3,,0,,9,,5,,5,,27,,32,,0.458,,0,,0,,0,,0,,0,,8,,0.125,
 Blake Comeau,COL,13,,2,,1,,3,,-1,,18,,32,,6,,36,,31,,0.537,,1,,0,,0,,0,,0,,19,,0.105,
 Troy Stecher,VAN,10,,1,,2,,3,,-6,,9,,4,,11,,0,,0,,N/A,,0,,0,,0,,0,,0,,31,,0.032,
 Ben Chiarot,WPG,19,,0,,3,,3,,-4,,10,,24,,25,,0,,0,,N/A,,0,,0,,0,,0,,0,,12,,0,
 Chris Kelly,OTT,18,,1,,2,,3,,-2,,4,,14,,15,,75,,95,,0.441,,0,,0,,0,,0,,0,,23,,0.043,
 Jori Lehtera,STL,15,,1,,2,,3,,1,,8,,9,,8,,107,,82,,0.566,,0,,1,,0,,0,,1,,21,,0.048,
 Yohann Auvitu,NJD,15,,1,,2,,3,,3,,0,,12,,6,,0,,0,,N/A,,0,,1,,0,,0,,0,,37,,0.027,
 Shane Harper,FLA,14,,2,,1,,3,,-1,,18,,19,,0,,0,,0,,N/A,,0,,0,,0,,0,,0,,13,,0.154,
 Joakim Nordstrom,CAR,16,,1,,2,,3,,-4,,2,,19,,16,,1,,2,,0.333,,0,,0,,0,,0,,1,,25,,0.04,
 Adam Larsson,EDM,19,,1,,2,,3,,-1,,10,,57,,31,,0,,0,,N/A,,0,,0,,0,,0,,0,,23,,0.043,
 Ryan White,ARI,16,,1,,2,,3,,-5,,25,,51,,7,,8,,18,,0.308,,0,,0,,0,,0,,1,,13,,0.077,
 Anton Lander,EDM,16,,1,,2,,3,,4,,6,,19,,7,,72,,54,,0.571,,0,,0,,0,,0,,0,,7,,0.143,
 Adam Cracknell,DAL,19,,2,,1,,3,,2,,0,,25,,13,,33,,36,,0.478,,0,,0,,0,,0,,0,,22,,0.091,
 Daniel Winnik,WAS,10,,2,,1,,3,,3,,4,,2,,5,,1,,2,,0.333,,0,,0,,0,,0,,1,,6,,0.333,
 Kris Russell,EDM,12,,0,,3,,3,,6,,0,,9,,34,,0,,0,,N/A,,0,,0,,0,,0,,0,,15,,0,
 Brandon Tanev,WPG,20,,2,,1,,3,,-3,,19,,46,,16,,0,,0,,N/A,,0,,0,,0,,0,,1,,30,,0.067,
 Chris VandeVelde,PHI,19,,2,,1,,3,,-5,,2,,27,,12,,10,,8,,0.556,,0,,0,,0,,0,,0,,14,,0.143,
 Zach Hyman,TOR,18,,2,,1,,3,,-4,,6,,30,,10,,7,,12,,0.368,,0,,0,,0,,0,,1,,40,,0.05,
 Jake Muzzin,LOS,19,,2,,1,,3,,-2,,14,,44,,33,,0,,0,,N/A,,1,,0,,0,,0,,0,,47,,0.043,
 Nick Schultz,PHI,9,,0,,3,,3,,0,,2,,15,,20,,0,,0,,N/A,,0,,0,,0,,0,,0,,9,,0,
 Alexander Edler,VAN,18,,1,,2,,3,,-9,,4,,33,,45,,2,,1,,0.667,,1,,1,,0,,0,,0,,42,,0.024,
 Clayton Stoner,ANA,14,,1,,2,,3,,0,,28,,35,,17,,0,,0,,N/A,,0,,0,,0,,0,,0,,16,,0.063,
 Fedor Tyutin,COL,13,,0,,3,,3,,-1,,8,,26,,19,,0,,0,,N/A,,0,,0,,0,,0,,0,,10,,0,
 Luca Sbisa,VAN,19,,0,,3,,3,,1,,8,,31,,30,,0,,0,,N/A,,0,,0,,0,,0,,0,,8,,0,
 Erik Gudbranson,VAN,19,,0,,3,,3,,-9,,7,,38,,25,,0,,0,,N/A,,0,,0,,0,,0,,0,,25,,0,
 Shawn Matthias,WPG,10,,2,,1,,3,,2,,4,,7,,5,,1,,4,,0.2,,0,,0,,0,,0,,1,,12,,0.167,
 Mark Pysyk,FLA,18,,1,,2,,3,,4,,2,,12,,27,,0,,1,,0,,0,,0,,0,,0,,0,,15,,0.067,
 Riley Sheahan,DET,18,,0,,3,,3,,-10,,8,,9,,11,,23,,19,,0.548,,0,,1,,0,,0,,0,,26,,0,
 Mathieu Perreault,WPG,11,,1,,2,,3,,-5,,6,,16,,3,,80,,76,,0.513,,0,,1,,0,,0,,0,,27,,0.037,
 Micheal Haley,SAN,8,,0,,2,,2,,-1,,32,,24,,4,,0,,0,,N/A,,0,,0,,0,,0,,0,,3,,0,
 Taylor Fedun,BUF,2,,0,,2,,2,,0,,0,,1,,0,,0,,0,,N/A,,0,,1,,0,,0,,0,,2,,0,
 Justin Braun,SAN,18,,0,,2,,2,,-4,,2,,22,,37,,0,,0,,N/A,,0,,0,,0,,0,,0,,19,,0,
 Markus Nutivaara,COB,15,,1,,1,,2,,2,,2,,7,,8,,0,,0,,N/A,,0,,0,,0,,0,,0,,12,,0.083,
 Mikkel Boedker,SAN,18,,2,,0,,2,,-7,,4,,13,,4,,2,,8,,0.2,,0,,0,,0,,0,,0,,17,,0.118,
 Derek Grant,BUF,18,,0,,2,,2,,-2,,15,,14,,9,,98,,87,,0.53,,0,,0,,0,,0,,0,,15,,0,
 Daniel Carr,MON,8,,1,,1,,2,,2,,4,,11,,5,,1,,1,,0.5,,0,,0,,0,,0,,1,,13,,0.077,
 Christian Folin,MIN,16,,0,,2,,2,,7,,16,,25,,22,,0,,0,,N/A,,0,,0,,0,,0,,0,,17,,0,
 Cody Ceci,OTT,18,,0,,2,,2,,-8,,6,,33,,39,,0,,0,,N/A,,0,,0,,0,,1,,0,,32,,0,
 Alex Burmistrov,WPG,18,,0,,2,,2,,-3,,2,,22,,4,,42,,73,,0.365,,0,,0,,0,,1,,0,,12,,0,
 Ben Smith,TOR,16,,1,,1,,2,,-3,,0,,11,,11,,108,,95,,0.532,,0,,0,,0,,0,,0,,12,,0.083,
 Brayden McNabb,LOS,8,,2,,0,,2,,3,,11,,13,,8,,0,,0,,N/A,,0,,0,,0,,0,,0,,6,,0.333,
 Justin Dowling,DAL,5,,0,,2,,2,,0,,2,,1,,0,,20,,21,,0.488,,0,,1,,0,,0,,0,,9,,0,
 Pontus Aberg,NAS,4,,1,,1,,2,,2,,2,,2,,0,,1,,0,,1,,0,,0,,0,,0,,0,,4,,0.25,
 Ben Lovejoy,NJD,17,,0,,2,,2,,-2,,4,,25,,29,,0,,0,,N/A,,0,,0,,0,,0,,0,,23,,0,
 Roman Polak,TOR,14,,1,,1,,2,,-3,,17,,49,,27,,0,,0,,N/A,,0,,0,,0,,0,,0,,11,,0.091,
 Brendan Gaunce,VAN,19,,0,,2,,2,,-3,,20,,24,,3,,51,,49,,0.51,,0,,0,,0,,0,,0,,15,,0,
 Tom Kuhnhackl,PIT,12,,0,,2,,2,,1,,4,,17,,6,,0,,1,,0,,0,,0,,0,,0,,0,,8,,0,
 Milan Michalek,TOR,5,,1,,1,,2,,-2,,2,,7,,9,,0,,1,,0,,0,,0,,0,,0,,0,,6,,0.167,
 Jason Garrison,TAM,19,,0,,2,,2,,-4,,6,,22,,31,,0,,0,,N/A,,0,,0,,0,,0,,0,,28,,0,
 Korbinian Holzer,ANA,6,,0,,2,,2,,1,,4,,13,,8,,0,,0,,N/A,,0,,0,,0,,0,,0,,4,,0,
 Lars Eller,WAS,17,,2,,0,,2,,-1,,16,,9,,3,,94,,100,,0.485,,0,,0,,0,,0,,0,,22,,0.091,
 Matt Greene,LOS,9,,1,,1,,2,,1,,6,,37,,8,,0,,0,,N/A,,0,,0,,0,,0,,0,,5,,0.2,
 Chris Neil,OTT,17,,1,,1,,2,,-5,,18,,39,,9,,0,,0,,N/A,,0,,0,,0,,0,,0,,18,,0.056,
 Dale Weise,PHI,15,,0,,2,,2,,-1,,4,,28,,4,,0,,0,,N/A,,0,,0,,0,,0,,0,,16,,0,
 Michal Kempny,CHI,17,,0,,2,,2,,4,,10,,33,,22,,0,,0,,N/A,,0,,0,,0,,0,,0,,21,,0,
 Laurent Dauphin,ARI,13,,1,,1,,2,,-1,,4,,19,,6,,17,,21,,0.447,,0,,0,,1,,0,,0,,14,,0.071,
 Nikita Zadorov,COL,16,,0,,2,,2,,-5,,20,,34,,19,,0,,0,,N/A,,0,,0,,0,,0,,0,,12,,0,
 Colin Miller,BOS,15,,1,,1,,2,,-6,,4,,16,,8,,0,,0,,N/A,,0,,0,,0,,0,,0,,24,,0.042,
 Chris Wagner,ANA,16,,2,,0,,2,,-4,,6,,37,,7,,29,,43,,0.403,,0,,0,,0,,0,,0,,16,,0.125,
 Nicholas Baptiste,BUF,12,,2,,0,,2,,1,,6,,10,,1,,1,,2,,0.333,,0,,0,,0,,0,,0,,12,,0.167,
 Anders Lee,NYI,17,,1,,1,,2,,1,,10,,47,,9,,1,,3,,0.25,,0,,0,,0,,0,,0,,28,,0.036,
 Greg McKegg,FLA,17,,0,,2,,2,,-2,,6,,16,,5,,12,,15,,0.444,,0,,0,,0,,0,,0,,13,,0,
 Kevin Fiala,NAS,10,,2,,0,,2,,-1,,2,,8,,1,,0,,0,,N/A,,0,,0,,0,,0,,1,,18,,0.111,
 Connor Carrick,TOR,16,,1,,1,,2,,3,,20,,17,,19,,0,,0,,N/A,,0,,0,,0,,0,,0,,28,,0.036,
 Michael Sgarbossa,FLA,9,,0,,2,,2,,-2,,0,,6,,4,,34,,47,,0.42,,0,,1,,0,,0,,0,,7,,0,
 Ryan Garbutt,ANA,18,,1,,1,,2,,-4,,12,,34,,9,,5,,4,,0.556,,0,,0,,0,,1,,1,,18,,0.056,
 Brian Flynn,MON,12,,0,,2,,2,,1,,2,,8,,8,,9,,14,,0.391,,0,,0,,0,,0,,0,,11,,0,
 Drew Miller,DET,15,,2,,0,,2,,-5,,2,,18,,12,,1,,0,,1,,0,,0,,0,,0,,1,,11,,0.182,
 Ryan Callahan,TAM,11,,1,,1,,2,,1,,17,,31,,10,,2,,3,,0.4,,0,,0,,0,,0,,0,,15,,0.067,
 Teddy Purcell,LOS,11,,0,,2,,2,,0,,0,,7,,2,,3,,0,,1,,0,,0,,0,,0,,0,,10,,0,
 Andrej Nestrasil,CAR,8,,1,,1,,2,,-4,,0,,9,,2,,2,,2,,0.5,,0,,0,,0,,0,,0,,18,,0.056,
 Tyler Graovac,MIN,9,,2,,0,,2,,1,,0,,12,,0,,36,,35,,0.507,,0,,0,,0,,0,,0,,9,,0.222,
 Jack Johnson,COB,15,,0,,2,,2,,5,,10,,26,,28,,0,,0,,N/A,,0,,0,,0,,0,,0,,18,,0,
 Reid Boucher,NJD,7,,0,,2,,2,,1,,2,,6,,4,,0,,0,,N/A,,0,,0,,0,,0,,0,,11,,0,
 Noel Acciari,BOS,12,,0,,2,,2,,1,,4,,26,,2,,7,,12,,0.368,,0,,0,,0,,0,,0,,8,,0,
 Brian Dumoulin,PIT,18,,0,,2,,2,,-5,,10,,33,,23,,0,,0,,N/A,,0,,0,,0,,0,,0,,28,,0,
 Steve Ott,DET,15,,1,,1,,2,,1,,24,,37,,5,,37,,25,,0.597,,0,,0,,0,,0,,0,,13,,0.077,
 Matt Martin,TOR,18,,0,,2,,2,,-1,,41,,83,,2,,0,,5,,0,,0,,0,,0,,0,,0,,17,,0,
 Ryan Murray,COB,10,,0,,2,,2,,2,,8,,3,,17,,0,,0,,N/A,,0,,0,,0,,1,,0,,6,,0,
 Ryan Reaves,STL,17,,0,,2,,2,,1,,9,,43,,1,,0,,0,,N/A,,0,,0,,0,,0,,0,,12,,0,
 Nikita Soshnikov,TOR,9,,1,,1,,2,,0,,4,,21,,1,,1,,2,,0.333,,0,,0,,0,,0,,0,,12,,0.083,
 Tyler Ennis,BUF,12,,1,,1,,2,,-6,,0,,5,,3,,0,,3,,0,,0,,0,,0,,0,,0,,29,,0.034,
 Adam Clendening,NYR,6,,0,,2,,2,,4,,2,,1,,4,,0,,0,,N/A,,0,,0,,0,,0,,0,,4,,0,
 Alan Quine,NYI,9,,1,,1,,2,,2,,2,,18,,4,,10,,9,,0.526,,0,,0,,0,,0,,1,,6,,0.167,
 Jacob Josefson,NJD,9,,0,,2,,2,,1,,4,,9,,2,,33,,20,,0.623,,0,,1,,0,,0,,0,,10,,0,
 Niklas Kronwall,DET,6,,0,,1,,1,,-4,,0,,8,,7,,0,,0,,N/A,,0,,0,,0,,0,,0,,11,,0,
 Bryan Little,WPG,1,,0,,1,,1,,1,,0,,0,,0,,2,,1,,0.667,,0,,0,,0,,0,,0,,1,,0,
 Michal Rozsival,CHI,5,,0,,1,,1,,1,,2,,14,,8,,0,,0,,N/A,,0,,0,,0,,0,,0,,4,,0,
 Vernon Fiddler,NJD,17,,0,,1,,1,,-2,,13,,15,,9,,112,,95,,0.541,,0,,0,,0,,0,,0,,14,,0,
 Drake Caggiula,EDM,1,,0,,1,,1,,1,,0,,1,,0,,2,,2,,0.5,,0,,0,,0,,0,,0,,0,,N/A,
 Marco Scandella,MIN,7,,0,,1,,1,,-6,,0,,4,,6,,0,,0,,N/A,,0,,0,,0,,0,,0,,8,,0,
 Oscar Lindberg,NYR,7,,0,,1,,1,,-1,,8,,5,,6,,21,,16,,0.568,,0,,1,,0,,0,,0,,5,,0,
 Eric Gelinas,COL,7,,0,,1,,1,,-1,,6,,3,,3,,0,,0,,N/A,,0,,0,,0,,0,,0,,9,,0,
 Anthony Mantha,DET,3,,0,,1,,1,,-1,,0,,4,,3,,1,,0,,1,,0,,1,,0,,0,,0,,2,,0,
 Nate Prosser,MIN,8,,0,,1,,1,,0,,0,,5,,11,,0,,0,,N/A,,0,,0,,0,,0,,0,,5,,0,
 Sergey Kalinin,NJD,12,,0,,1,,1,,-2,,7,,19,,7,,3,,3,,0.5,,0,,0,,0,,0,,0,,11,,0,
 Ryan Murphy,CAR,4,,0,,1,,1,,-6,,0,,0,,5,,0,,0,,N/A,,0,,0,,0,,0,,0,,1,,0,
 Christopher Tanev,VAN,7,,0,,1,,1,,0,,6,,3,,19,,0,,0,,N/A,,0,,0,,0,,0,,0,,4,,0,
 Nick Sorensen,ANA,5,,0,,1,,1,,-1,,2,,2,,3,,1,,0,,1,,0,,0,,0,,0,,0,,7,,0,
 Brett Connolly,WAS,9,,1,,0,,1,,1,,6,,22,,1,,0,,0,,N/A,,0,,0,,0,,0,,0,,11,,0.091,
 Dennis Rasmussen,CHI,17,,1,,0,,1,,-2,,2,,19,,17,,35,,46,,0.432,,0,,0,,0,,0,,0,,18,,0.056,
 Roman Lyubimov,PHI,12,,1,,0,,1,,-2,,0,,11,,4,,0,,2,,0,,0,,0,,0,,0,,0,,16,,0.063,
 Dylan Strome,ARI,7,,0,,1,,1,,-5,,0,,3,,2,,31,,46,,0.403,,0,,0,,0,,0,,0,,6,,0,
 Xavier Ouellet,DET,6,,0,,1,,1,,2,,0,,3,,4,,0,,0,,N/A,,0,,0,,0,,0,,0,,8,,0,
 Matt Nieto,SAN,9,,0,,1,,1,,-4,,0,,12,,4,,0,,2,,0,,0,,0,,0,,0,,0,,15,,0,
 Boyd Gordon,PHI,8,,1,,0,,1,,-1,,2,,3,,3,,33,,30,,0.524,,0,,0,,0,,0,,0,,6,,0.167,
 Josh Jooris,NYR,5,,1,,0,,1,,1,,0,,10,,2,,13,,8,,0.619,,0,,0,,0,,0,,0,,3,,0.333,
 Joel Edmundson,STL,13,,0,,1,,1,,-3,,17,,23,,15,,0,,0,,N/A,,0,,0,,0,,0,,0,,12,,0,
 Jack Skille,VAN,13,,0,,1,,1,,-6,,4,,23,,4,,0,,0,,N/A,,0,,0,,0,,0,,0,,17,,0,
 Matt Hendricks,EDM,1,,0,,1,,1,,1,,0,,1,,1,,0,,0,,N/A,,0,,0,,0,,0,,0,,1,,0,
 Lawson Crouse,ARI,13,,1,,0,,1,,-5,,6,,23,,9,,0,,0,,N/A,,0,,0,,0,,0,,0,,14,,0.071,
 Joe Morrow,BOS,5,,0,,1,,1,,0,,4,,6,,5,,0,,0,,N/A,,0,,0,,0,,0,,0,,7,,0,
 Shea Theodore,ANA,6,,0,,1,,1,,-2,,4,,0,,6,,0,,0,,N/A,,0,,0,,0,,1,,0,,6,,0,
 Bryan Bickell,CAR,7,,1,,0,,1,,-1,,4,,10,,1,,0,,2,,0,,1,,0,,0,,0,,1,,6,,0.167,
 Jared Boll,ANA,16,,0,,1,,1,,-6,,26,,12,,2,,0,,1,,0,,0,,0,,0,,0,,0,,6,,0,
 Zachary Sanford,WAS,15,,0,,1,,1,,1,,4,,9,,4,,5,,3,,0.625,,0,,0,,0,,0,,0,,12,,0,
 William Carrier,BUF,8,,1,,0,,1,,2,,0,,29,,2,,0,,1,,0,,0,,0,,0,,0,,0,,14,,0.071,
 Austin Watson,NAS,13,,0,,1,,1,,3,,12,,23,,2,,0,,2,,0,,0,,0,,0,,0,,0,,10,,0,
 Jake Virtanen,VAN,10,,0,,1,,1,,1,,2,,17,,4,,3,,0,,1,,0,,0,,0,,0,,0,,13,,0,
 Michael Chaput,VAN,7,,0,,1,,1,,-1,,2,,11,,3,,30,,19,,0.612,,0,,0,,0,,0,,0,,4,,0,
 Matt Carle,NAS,6,,0,,1,,1,,-1,,0,,3,,5,,0,,0,,N/A,,0,,0,,0,,0,,0,,2,,0,
 Patrick Sharp,DAL,5,,0,,1,,1,,-2,,8,,7,,3,,3,,4,,0.429,,0,,0,,0,,0,,0,,12,,0,
 Mark Fayne,EDM,1,,0,,1,,1,,1,,0,,0,,0,,0,,0,,N/A,,0,,0,,0,,0,,0,,1,,0,
 Tom Sestito,PIT,8,,0,,1,,1,,0,,24,,15,,1,,0,,0,,N/A,,0,,0,,0,,0,,0,,2,,0,
 Kevin Labanc,SAN,6,,1,,0,,1,,2,,4,,4,,2,,0,,0,,N/A,,0,,0,,0,,0,,0,,8,,0.125,
 Ondrej Kase,ANA,2,,0,,1,,1,,0,,0,,2,,0,,0,,1,,0,,0,,0,,0,,0,,0,,4,,0,
 Kevin Gravel,LOS,9,,0,,1,,1,,3,,4,,16,,13,,0,,0,,N/A,,0,,0,,0,,0,,0,,8,,0,
 Esa Lindell,DAL,10,,0,,1,,1,,-6,,0,,15,,14,,0,,1,,0,,0,,1,,0,,0,,0,,12,,0,
 Evander Kane,BUF,7,,0,,1,,1,,-6,,10,,16,,4,,11,,12,,0.478,,0,,1,,0,,0,,0,,13,,0,
 Lance Bouma,CGY,13,,0,,1,,1,,-2,,4,,33,,12,,0,,1,,0,,0,,0,,0,,0,,0,,8,,0,
 Chris Thorburn,WPG,15,,1,,0,,1,,-3,,30,,27,,10,,7,,8,,0.467,,0,,0,,0,,0,,0,,10,,0.1,
 Magnus Paajarvi,STL,3,,1,,0,,1,,0,,0,,1,,2,,1,,1,,0.5,,0,,0,,0,,0,,1,,2,,0.5,
 Peter Holland,TOR,7,,0,,1,,1,,-2,,4,,3,,1,,26,,30,,0.464,,0,,0,,0,,0,,0,,12,,0,
 Taylor Chorney,WAS,2,,0,,1,,1,,1,,0,,1,,1,,0,,0,,N/A,,0,,0,,0,,0,,0,,3,,0,
 A.J. Greer,COL,3,,0,,1,,1,,0,,2,,1,,0,,0,,0,,N/A,,0,,0,,0,,0,,0,,4,,0,
 Tom Wilson,WAS,17,,1,,0,,1,,3,,16,,34,,5,,0,,3,,0,,0,,0,,0,,0,,0,,20,,0.05,
 Jordan Nolan,LOS,9,,0,,1,,1,,-2,,20,,12,,0,,0,,0,,N/A,,0,,0,,0,,0,,0,,5,,0,
 Olli Maatta,PIT,18,,0,,1,,1,,4,,6,,16,,30,,0,,0,,N/A,,0,,0,,0,,0,,0,,20,,0,
 Brenden Dillon,SAN,18,,0,,1,,1,,-1,,14,,39,,17,,0,,0,,N/A,,0,,0,,0,,0,,0,,19,,0,
 Luke Schenn,ARI,15,,0,,1,,1,,-2,,7,,46,,24,,0,,0,,N/A,,0,,0,,0,,0,,0,,16,,0,
 Adam Pelech,NYI,5,,0,,1,,1,,-3,,0,,6,,8,,0,,0,,N/A,,0,,0,,0,,0,,0,,4,,0,
 Christoph Bertschy,MIN,5,,0,,1,,1,,0,,4,,7,,3,,0,,0,,N/A,,0,,0,,0,,0,,0,,5,,0,
 Drew Stafford,WPG,6,,0,,1,,1,,1,,2,,2,,0,,0,,3,,0,,0,,0,,0,,0,,0,,6,,0,
 Charles Hudon,MON,2,,0,,1,,1,,0,,2,,9,,0,,0,,0,,N/A,,0,,0,,0,,0,,0,,2,,0,
 Cole Schneider,BUF,3,,0,,1,,1,,2,,0,,3,,0,,0,,0,,N/A,,0,,0,,0,,0,,0,,4,,0,
 Seth Griffith,FLA,6,,0,,1,,1,,1,,0,,8,,2,,0,,3,,0,,0,,0,,0,,0,,0,,5,,0,
 Teemu Pulkkinen,MIN,8,,1,,0,,1,,-1,,2,,2,,3,,0,,0,,N/A,,0,,0,,0,,0,,0,,4,,0.25,
 Chris Terry,MON,3,,0,,1,,1,,-1,,2,,5,,1,,0,,0,,N/A,,0,,0,,0,,0,,0,,5,,0,
 Kevin Bieksa,ANA,18,,1,,0,,1,,0,,19,,42,,16,,0,,0,,N/A,,1,,0,,0,,0,,0,,31,,0.032,
 Carl Gunnarsson,STL,15,,0,,1,,1,,0,,4,,12,,20,,0,,0,,N/A,,0,,0,,0,,0,,0,,8,,0,
 Kevin Connauton,ARI,6,,0,,1,,1,,0,,6,,12,,4,,0,,0,,N/A,,0,,0,,0,,0,,0,,5,,0,
 Danton Heinen,BOS,7,,0,,0,,0,,-2,,2,,5,,2,,0,,0,,N/A,,0,,0,,0,,0,,0,,6,,0,
 Garnet Hathaway,CGY,3,,0,,0,,0,,0,,2,,4,,1,,4,,0,,1,,0,,0,,0,,0,,0,,2,,0,
 Nikita Tryamkin,VAN,9,,0,,0,,0,,1,,13,,31,,9,,0,,0,,N/A,,0,,0,,0,,0,,0,,10,,0,
 Thomas Chabot,OTT,1,,0,,0,,0,,-2,,0,,1,,0,,0,,0,,N/A,,0,,0,,0,,0,,0,,1,,0,
 Sonny Milano,COB,2,,0,,0,,0,,-1,,0,,1,,1,,0,,0,,N/A,,0,,0,,0,,0,,0,,0,,N/A,
 Evan Rodrigues,BUF,2,,0,,0,,0,,-1,,0,,0,,0,,1,,0,,1,,0,,0,,0,,0,,0,,2,,0,
 Trevor van Riemsdyk,CHI,2,,0,,0,,0,,0,,4,,2,,3,,0,,0,,N/A,,0,,0,,0,,0,,0,,0,,N/A,
 Jay McClement,CAR,16,,0,,0,,0,,-7,,0,,13,,5,,60,,58,,0.508,,0,,0,,0,,0,,0,,9,,0,
 Jakub Nakladal,CAR,3,,0,,0,,0,,-4,,0,,2,,4,,0,,0,,N/A,,0,,0,,0,,0,,0,,3,,0,
 Mathew Barzal,NYI,2,,0,,0,,0,,-2,,6,,1,,0,,6,,7,,0.462,,0,,0,,0,,0,,0,,0,,N/A,
 Frederick Gaudreau,NAS,1,,0,,0,,0,,0,,0,,0,,3,,1,,2,,0.333,,0,,0,,0,,0,,0,,0,,N/A,
 Joel Hanley,MON,4,,0,,0,,0,,0,,4,,7,,3,,0,,0,,N/A,,0,,0,,0,,0,,0,,3,,0,
 Derek Ryan,CAR,3,,0,,0,,0,,-1,,2,,3,,0,,20,,12,,0.625,,0,,0,,0,,0,,0,,2,,0,
 Jordin Tootoo,CHI,17,,0,,0,,0,,0,,11,,16,,2,,1,,0,,1,,0,,0,,0,,0,,0,,20,,0,
 Casey Nelson,BUF,8,,0,,0,,0,,-4,,2,,13,,3,,0,,0,,N/A,,0,,0,,0,,0,,0,,7,,0,
 Mikhail Sergachev,MON,3,,0,,0,,0,,1,,0,,7,,2,,0,,0,,N/A,,0,,0,,0,,0,,0,,2,,0,
 Jacob Larsson,ANA,4,,0,,0,,0,,-1,,2,,1,,1,,0,,0,,N/A,,0,,0,,0,,0,,0,,2,,0,
 Blake Speers,NJD,3,,0,,0,,0,,0,,0,,1,,1,,0,,2,,0,,0,,0,,0,,0,,0,,3,,0,
 Ales Hemsky,DAL,1,,0,,0,,0,,0,,0,,0,,0,,0,,0,,N/A,,0,,0,,0,,0,,0,,1,,0,
 Zach Bogosian,BUF,9,,0,,0,,0,,-2,,6,,6,,15,,0,,0,,N/A,,0,,0,,0,,0,,0,,13,,0,
 Jacob Trouba,WPG,5,,0,,0,,0,,-2,,2,,5,,15,,0,,0,,N/A,,0,,0,,0,,0,,0,,8,,0,
 Eric Gryba,EDM,14,,0,,0,,0,,-2,,14,,53,,12,,0,,0,,N/A,,0,,0,,0,,0,,0,,16,,0,
 Steven Kampfer,NYR,1,,0,,0,,0,,-1,,4,,1,,1,,0,,0,,N/A,,0,,0,,0,,0,,0,,0,,N/A,
 Jamie Oleksiak,DAL,5,,0,,0,,0,,0,,7,,4,,2,,0,,0,,N/A,,0,,0,,0,,0,,0,,1,,0,
 Cody Eakin,DAL,2,,0,,0,,0,,-2,,0,,2,,2,,17,,11,,0.607,,0,,0,,0,,0,,0,,2,,0,
 Nicolas Deslauriers,BUF,7,,0,,0,,0,,-3,,4,,16,,1,,0,,0,,N/A,,0,,0,,0,,0,,0,,6,,0,
 Linden Vey,CGY,4,,0,,0,,0,,-2,,0,,1,,0,,9,,15,,0.375,,0,,0,,0,,0,,0,,1,,0,
 Mike Blunden,OTT,1,,0,,0,,0,,0,,0,,5,,0,,0,,0,,N/A,,0,,0,,0,,0,,0,,0,,N/A,
 Harry Zolnierczyk,NAS,1,,0,,0,,0,,0,,2,,1,,1,,0,,0,,N/A,,0,,0,,0,,0,,0,,0,,N/A,
 Mark Borowiecki,OTT,18,,0,,0,,0,,-1,,23,,61,,23,,0,,0,,N/A,,0,,0,,0,,0,,0,,8,,0,
 Matt Puempel,OTT,13,,0,,0,,0,,-5,,7,,10,,6,,0,,1,,0,,0,,0,,0,,0,,0,,12,,0,
 Adam McQuaid,BOS,13,,0,,0,,0,,1,,11,,27,,25,,0,,0,,N/A,,0,,0,,0,,0,,0,,16,,0,
 Miikka Salomaki,NAS,2,,0,,0,,0,,-1,,0,,6,,5,,0,,0,,N/A,,0,,0,,0,,0,,0,,2,,0,
 Andy Andreoff,LOS,9,,0,,0,,0,,-1,,8,,17,,3,,8,,6,,0.571,,0,,0,,0,,0,,0,,4,,0,
 Mike Reilly,MIN,8,,0,,0,,0,,-1,,2,,1,,2,,0,,0,,N/A,,0,,0,,0,,0,,0,,9,,0,
 Trevor Smith,NAS,1,,0,,0,,0,,0,,0,,0,,2,,0,,8,,0,,0,,0,,0,,0,,0,,0,,N/A,
 Scott Mayfield,NYI,1,,0,,0,,0,,0,,17,,0,,2,,0,,0,,N/A,,0,,0,,0,,0,,0,,0,,N/A,
 Jakub Kindl,FLA,1,,0,,0,,0,,0,,2,,5,,0,,0,,0,,N/A,,0,,0,,0,,0,,0,,1,,0,
 Scott Harrington,COB,2,,0,,0,,0,,0,,0,,1,,2,,0,,0,,N/A,,0,,0,,0,,0,,0,,1,,0,
 Ty Rattie,STL,2,,0,,0,,0,,0,,0,,0,,2,,0,,0,,N/A,,0,,0,,0,,0,,0,,1,,0,
 Gabriel Bourque,COL,5,,0,,0,,0,,0,,0,,14,,6,,0,,1,,0,,0,,0,,0,,0,,0,,3,,0,
 Taylor Beck,EDM,1,,0,,0,,0,,0,,0,,2,,0,,0,,0,,N/A,,0,,0,,0,,0,,0,,0,,N/A,
 Emerson Etem,ANA,3,,0,,0,,0,,1,,2,,4,,0,,0,,1,,0,,0,,0,,0,,0,,0,,0,,N/A,
 Jon Merrill,NJD,2,,0,,0,,0,,-2,,0,,3,,0,,0,,0,,N/A,,0,,0,,0,,0,,0,,0,,N/A,
 Patrik Nemeth,DAL,12,,0,,0,,0,,-3,,2,,15,,15,,0,,0,,N/A,,0,,0,,0,,0,,0,,14,,0,
 Quinton Howden,WPG,4,,0,,0,,0,,1,,0,,4,,0,,0,,2,,0,,0,,0,,0,,0,,0,,4,,0,
 Jimmy Hayes,BOS,16,,0,,0,,0,,-9,,9,,20,,1,,1,,3,,0.25,,0,,0,,0,,0,,0,,29,,0,
 Cody McLeod,COL,10,,0,,0,,0,,-1,,23,,18,,0,,0,,0,,N/A,,0,,0,,0,,0,,0,,3,,0,
 Dylan McIlrath,FLA,2,,0,,0,,0,,-2,,4,,6,,0,,0,,0,,N/A,,0,,0,,0,,0,,0,,1,,0,
 David Warsofsky,PIT,4,,0,,0,,0,,1,,2,,3,,6,,0,,0,,N/A,,0,,0,,0,,0,,0,,6,,0,
 Shawn Thornton,FLA,2,,0,,0,,0,,-1,,0,,0,,0,,0,,0,,N/A,,0,,0,,0,,0,,0,,1,,0,
 Mason Raymond,ANA,4,,0,,0,,0,,-2,,0,,3,,0,,0,,1,,0,,0,,0,,0,,0,,0,,3,,0,
 Dalton Prout,COB,8,,0,,0,,0,,2,,8,,18,,10,,0,,0,,N/A,,0,,0,,0,,0,,0,,3,,0,
 Brandon Davidson,EDM,1,,0,,0,,0,,-1,,0,,1,,1,,0,,0,,N/A,,0,,0,,0,,0,,0,,0,,N/A,
 Anthony Bitetto,NAS,1,,0,,0,,0,,-1,,5,,1,,0,,0,,0,,N/A,,0,,0,,0,,0,,0,,0,,N/A,
 Cody Bass,NAS,9,,0,,0,,0,,-1,,19,,14,,4,,0,,2,,0,,0,,0,,0,,0,,0,,1,,0,
 Freddie Hamilton,CGY,9,,0,,0,,0,,0,,0,,17,,0,,23,,19,,0.548,,0,,0,,0,,0,,0,,9,,0,
 Alex Biega,VAN,1,,0,,0,,0,,0,,0,,0,,1,,0,,0,,N/A,,0,,0,,0,,0,,0,,0,,N/A,
 Julian Melchiori,WPG,4,,0,,0,,0,,-3,,0,,5,,4,,0,,0,,N/A,,0,,0,,0,,0,,0,,1,,0,
 Andrew Desjardins,CHI,5,,0,,0,,0,,0,,2,,4,,2,,5,,4,,0.556,,0,,0,,0,,0,,0,,11,,0,
 Nicklas Grossmann,CGY,3,,0,,0,,0,,-4,,2,,7,,1,,0,,0,,N/A,,0,,0,,0,,0,,0,,3,,0,
 Robert Bortuzzo,STL,5,,0,,0,,0,,3,,2,,14,,9,,0,,0,,N/A,,0,,0,,0,,0,,0,,5,,0,
 Jamie McBain,ARI,3,,0,,0,,0,,-1,,0,,0,,4,,0,,0,,N/A,,0,,0,,0,,0,,0,,3,,0,
 Ryan Pulock,NYI,1,,0,,0,,0,,1,,0,,1,,1,,0,,0,,N/A,,0,,0,,0,,0,,0,,0,,N/A,
 Curtis Lazar,OTT,1,,0,,0,,0,,-1,,0,,3,,0,,1,,4,,0.2,,0,,0,,0,,0,,0,,3,,0,
 Justin Falk,BUF,5,,0,,0,,0,,-2,,0,,9,,1,,0,,0,,N/A,,0,,0,,0,,0,,0,,4,,0,
 Luke Witkowski,TAM,1,,0,,0,,0,,0,,0,,2,,1,,0,,0,,N/A,,0,,0,,0,,0,,0,,0,,N/A,
 Jayson Megna,VAN,3,,0,,0,,0,,-1,,2,,7,,0,,0,,0,,N/A,,0,,0,,0,,0,,0,,0,,N/A,
 Cristoval Nieves,NYR,1,,0,,0,,0,,-1,,0,,0,,1,,3,,7,,0.3,,0,,0,,0,,0,,0,,0,,N/A,
 Mark Stuart,WPG,5,,0,,0,,0,,1,,0,,4,,11,,0,,0,,N/A,,0,,0,,0,,0,,0,,3,,0,
 Petteri Lindbohm,STL,5,,0,,0,,0,,-3,,4,,9,,3,,0,,0,,N/A,,0,,0,,0,,0,,0,,9,,0,
 Hunter Shinkaruk,CGY,3,,0,,0,,0,,-4,,0,,1,,1,,0,,0,,N/A,,0,,0,,0,,0,,0,,2,,0,
 Sven Andrighetto,MON,4,,0,,0,,0,,0,,0,,5,,3,,0,,0,,N/A,,0,,0,,0,,0,,0,,7,,0,
 Hudson Fasching,BUF,6,,0,,0,,0,,-2,,2,,10,,1,,0,,0,,N/A,,0,,0,,0,,0,,0,,3,,0,
 Tyler Gaudet,ARI,1,,0,,0,,0,,-1,,0,,0,,0,,1,,7,,0.125,,0,,0,,0,,0,,0,,0,,N/A,
 Zack Mitchell,MIN,5,,0,,0,,0,,0,,0,,9,,2,,1,,1,,0.5,,0,,0,,0,,0,,0,,6,,0,
 Miles Wood,NJD,2,,0,,0,,0,,0,,4,,2,,2,,0,,0,,N/A,,0,,0,,0,,0,,0,,1,,0,
 Oliver Bjorkstrand,COB,3,,0,,0,,0,,-2,,4,,1,,1,,1,,0,,1,,0,,0,,0,,0,,0,,2,,0,
 Justin Bailey,BUF,2,,0,,0,,0,,0,,0,,3,,0,,0,,0,,N/A,,0,,0,,0,,0,,0,,0,,N/A,
 Tyler Bertuzzi,DET,4,,0,,0,,0,,-1,,0,,6,,0,,1,,0,,1,,0,,0,,0,,0,,0,,2,,0,
 Jiri Hudler,DAL,4,,0,,0,,0,,-3,,0,,0,,1,,1,,1,,0.5,,0,,0,,0,,0,,0,,0,,N/A,
 Martin Frk,DET,2,,0,,0,,0,,-3,,0,,3,,1,,0,,0,,N/A,,0,,0,,0,,0,,0,,1,,0,
 Brock McGinn,CAR,3,,0,,0,,0,,-1,,0,,3,,1,,0,,1,,0,,0,,0,,0,,0,,0,,1,,0,
 Max McCormick,OTT,3,,0,,0,,0,,-2,,0,,7,,0,,11,,9,,0.55,,0,,0,,0,,0,,0,,3,,0,
 John Mitchell,COL,12,,0,,0,,0,,1,,10,,10,,8,,59,,43,,0.578,,0,,0,,0,,0,,0,,7,,0,
 Simon Despres,ANA,1,,0,,0,,0,,0,,0,,1,,1,,0,,0,,N/A,,0,,0,,0,,0,,0,,1,,0,
 Rob O'Gara,BOS,3,,0,,0,,0,,1,,0,,3,,7,,0,,0,,N/A,,0,,0,,0,,0,,0,,2,,0,
 Frank Corrado,TOR,1,,0,,0,,0,,0,,2,,2,,1,,0,,0,,N/A,,0,,0,,0,,0,,0,,0,,N/A,
 Fredrik Claesson,OTT,6,,0,,0,,0,,-1,,0,,6,,3,,0,,0,,N/A,,0,,0,,0,,0,,0,,2,,0,
 Blake Pietila,NJD,1,,0,,0,,0,,-1,,0,,3,,0,,4,,5,,0.444,,0,,0,,0,,0,,0,,0,,N/A,
 Sean Kuraly,BOS,4,,0,,0,,0,,-1,,2,,1,,0,,1,,2,,0.333,,0,,0,,0,,0,,0,,6,,0,
 Cory Conacher,TAM,1,,0,,0,,0,,-1,,0,,0,,0,,0,,0,,N/A,,0,,0,,0,,0,,0,,1,,0,
 Phil Varone,OTT,3,,0,,0,,0,,-1,,2,,1,,0,,7,,8,,0.467,,0,,0,,0,,0,,0,,0,,N/A,
 Cal O'Reilly,BUF,1,,0,,0,,0,,0,,0,,0,,0,,4,,5,,0.444,,0,,0,,0,,0,,0,,1,,0,
 Josh Gorges,BUF,18,,0,,0,,0,,-2,,19,,45,,37,,0,,1,,0,,0,,0,,0,,0,,0,,4,,0,
 Phillip Di Giuseppe,CAR,11,,0,,0,,0,,-6,,11,,17,,3,,0,,1,,0,,0,,0,,0,,0,,0,,17,,0,
 Derrick Pouliot,PIT,1,,0,,0,,0,,0,,0,,1,,1,,0,,0,,N/A,,0,,0,,0,,0,,0,,1,,0,
 Dmitry Kulikov,BUF,12,,0,,0,,0,,-4,,10,,12,,13,,0,,0,,N/A,,0,,0,,0,,0,,0,,6,,0,
 Jordan Schroeder,MIN,2,,0,,0,,0,,0,,0,,0,,0,,0,,0,,N/A,,0,,0,,0,,0,,0,,6,,0,
 Matt Tennyson,CAR,3,,0,,0,,0,,2,,0,,2,,0,,0,,0,,N/A,,0,,0,,0,,0,,0,,3,,0,
 Hampus Lindholm,ANA,5,,0,,0,,0,,3,,2,,5,,2,,0,,0,,N/A,,0,,0,,0,,0,,0,,8,,0,
 Michael Zalewski,VAN,1,,0,,0,,0,,-1,,0,,0,,1,,0,,0,,N/A,,0,,0,,0,,0,,0,,0,,N/A,
